timestamp_eval,dt_eval,eps_eval,num_noise_eval,integrator_eval,network,n,dt,eps,bs,integrator,num_noise,num_boots,mlp_hidden,res_hidden,res_depth,logp_avg,logp_err,loss_avg,loss_err,part_avg,part_err,free_avg,free_err,ess_avg,ess_err
20260621_200751,0.005,2.5,1,unbiasv2,mlpgmm,2,0.125,0.8,200000,unbiasv2,1,5000,"[256, 256]","[256, 256]",1,-1.7271003723144531,0.004219873808324337,1.1231482028961182,0.006203038152307272,0.9976859092712402,0.0034716236405074596,-0.0023164439480751753,0.003519867779687047,0.29554319381713867,0.008530535735189915
20260621_200751,0.005,2.5,1,unbiasv2,mlpgmm,2,0.125,0.08,200000,unbiasv2,1,5000,"[256, 256]","[256, 256]",1,-1.7208776473999023,0.003918656148016453,0.48267343640327454,0.003604122204706073,1.0044878721237183,0.002444623503834009,0.004373488016426563,0.0024199888575822115,0.46231013536453247,0.018554044887423515
20260621_200751,0.005,2.5,1,unbiasv2,mlpgmm,2,0.125,0.25,200000,unbiasv2,1,5000,"[256, 256]","[256, 256]",1,-1.720328450202942,0.0037586595863103867,0.4446246325969696,0.004757113289088011,1.007505178451538,0.004050020594149828,0.007394874468445778,0.004067103378474712,0.30556929111480713,0.1477605551481247
20260621_200751,0.005,2.5,1,unbiasv2,mlpgmm,2,0.125,2.5,200000,unbiasv2,1,5000,"[256, 256]","[256, 256]",1,-1.5609384775161743,0.17421524226665497,36.83195877075195,1.019189715385437,4.689390659332275,3.7970128059387207,1.1194766759872437,1.0152568817138672,0.0001352380495518446,0.00020814921299461275
20260621_200750,0.005,0.0025,1,unbiasv2,mlpgmm,2,0.125,2.5,200000,unbiasv2,1,5000,"[256, 256]","[256, 256]",1,-1.9480687379837036,0.06863191723823547,10.75015926361084,0.38796713948249817,1.0478814840316772,0.42199647426605225,-0.01357426866889,0.3894113600254059,0.0004748904029838741,0.0006069699884392321
20260621_200750,0.005,0.0025,1,unbiasv2,mlpgmm,2,0.125,0.8,200000,unbiasv2,1,5000,"[256, 256]","[256, 256]",1,-1.7525651454925537,0.020071225240826607,2.404938220977783,0.024724090471863747,0.9561663866043091,0.022193733602762222,-0.045344624668359756,0.023674912750720978,0.009412208572030067,0.002443853300064802
20260621_200750,0.005,0.0025,1,unbiasv2,mlpgmm,2,0.125,0.25,200000,unbiasv2,1,5000,"[256, 256]","[256, 256]",1,-1.7331559658050537,0.01082657277584076,0.8940567970275879,0.008478840813040733,1.0105335712432861,0.007565312087535858,0.010574140585958958,0.007639729883521795,0.09523498266935349,0.040733348578214645
20260621_200750,0.005,0.0025,1,unbiasv2,mlpgmm,2,0.125,0.08,200000,unbiasv2,1,5000,"[256, 256]","[256, 256]",1,-1.7174072265625,0.003792891977354884,0.42072856426239014,0.003301742486655712,0.9984011650085449,0.002275007776916027,-0.00164368050172925,0.002248255768790841,0.493964821100235,0.016678091138601303
20260621_200751,0.005,2.5,1,unbiasv2,mlpgmm,2,0.125,0.0008,200000,unbiasv2,1,5000,"[256, 256]","[256, 256]",1,-2.19514799118042,0.5806883573532104,14.913891792297363,0.4505923390388489,1.1892080307006836,0.5563976168632507,0.09316518902778625,0.45097610354423523,0.0007123908144421875,0.0011129946215078235
20260621_200751,0.005,2.5,1,unbiasv2,mlpgmm,2,0.125,0.025,200000,unbiasv2,1,5000,"[256, 256]","[256, 256]",1,-1.7322723865509033,0.016983598470687866,0.7893344163894653,0.007309399079531431,1.004298210144043,0.006423231679946184,0.004155502188950777,0.0063175177201628685,0.13052517175674438,0.0562448687851429
20260621_200751,0.005,2.5,1,unbiasv2,mlpgmm,2,0.125,0.0025,200000,unbiasv2,1,5000,"[256, 256]","[256, 256]",1,-1.6459102630615234,0.03958672657608986,4.930816650390625,0.06272529065608978,0.9487794637680054,0.05737261846661568,-0.05471465364098549,0.05940287560224533,0.0035743818152695894,0.0034997740294784307
20260621_200751,0.005,2.5,1,unbiasv2,mlpgmm,2,0.125,0.008,200000,unbiasv2,1,5000,"[256, 256]","[256, 256]",1,-1.71004056930542,0.022580210119485855,1.7779147624969482,0.015000738203525543,1.0057415962219238,0.013587537221610546,0.00558417197316885,0.013586990535259247,0.0399264320731163,0.02458992972970009
20260621_200750,0.005,0.0025,1,unbiasv2,mlpgmm,2,0.125,0.025,200000,unbiasv2,1,5000,"[256, 256]","[256, 256]",1,-1.7339847087860107,0.009136113338172436,0.4719201624393463,0.005399161484092474,1.00790536403656,0.0049073719419538975,0.00798039510846138,0.004821512848138809,0.20038112998008728,0.07248867303133011
20260621_200750,0.005,0.0025,1,unbiasv2,mlpgmm,2,0.125,0.008,200000,unbiasv2,1,5000,"[256, 256]","[256, 256]",1,-1.7193493843078613,0.020797673612833023,1.1260520219802856,0.009667501784861088,0.9875669479370117,0.008395490236580372,-0.012455047108232975,0.008470539003610611,0.08314749598503113,0.03913802653551102
20260621_200750,0.005,0.0025,1,unbiasv2,mlpgmm,2,0.125,0.0025,200000,unbiasv2,1,5000,"[256, 256]","[256, 256]",1,-1.5943515300750732,0.025027450174093246,3.408280372619629,0.037985894829034805,0.9387766122817993,0.034189991652965546,-0.06185979023575783,0.03620108217000961,0.007456490769982338,0.006798673886805773
20260621_200750,0.005,0.0025,1,unbiasv2,mlpgmm,2,0.125,0.0008,200000,unbiasv2,1,5000,"[256, 256]","[256, 256]",1,-1.4534025192260742,0.055828291922807693,10.368575096130371,0.08442287147045135,0.7433647513389587,0.05863450840115547,-0.2982480525970459,0.07805334031581879,0.002246089978143573,0.0022390466183423996
20260621_200751,0.005,2.5,1,unbiasv2,mlpgmm,2,0.05,0.8,200000,unbiasv2,1,5000,"[256, 256]","[256, 256]",1,-1.7224671840667725,0.002740464871749282,0.20087037980556488,0.002111876616254449,1.0002254247665405,0.0013929628767073154,0.00022617167269345373,0.0014140151906758547,0.7171102166175842,0.0025519533082842827
20260621_200751,0.005,2.5,1,unbiasv2,mlpgmm,2,0.05,0.25,200000,unbiasv2,1,5000,"[256, 256]","[256, 256]",1,-1.7279878854751587,0.0027609230019152164,0.15440599620342255,0.001819066470488906,0.9988980293273926,0.0012186459498479962,-0.0011087495367974043,0.0012200085911899805,0.7731903791427612,0.0016508180415257812
20260621_200751,0.005,2.5,1,unbiasv2,mlpgmm,2,0.125,0.00025,200000,unbiasv2,1,5000,"[256, 256]","[256, 256]",1,-1.7551491260528564,0.14915452897548676,45.97019958496094,0.19127845764160156,0.4074830710887909,0.057678136974573135,-0.9095329642295837,0.14510798454284668,0.0002848909061867744,0.00010410803224658594
20260621_200751,0.005,2.5,1,unbiasv2,mlpgmm,2,0.05,2.5,200000,unbiasv2,1,5000,"[256, 256]","[256, 256]",1,-1.725997805595398,0.005111601669341326,2.5063652992248535,0.011132520623505116,0.9853606224060059,0.0046374183148145676,-0.014923677779734135,0.004686103202402592,0.18348170816898346,0.016965802758932114
20260621_200750,0.005,0.0025,1,unbiasv2,mlpgmm,2,0.05,0.25,200000,unbiasv2,1,5000,"[256, 256]","[256, 256]",1,-1.7107831239700317,0.007517522666603327,0.6486996412277222,0.011112245731055737,1.0104726552963257,0.011100441217422485,0.010303131304681301,0.010936894454061985,0.07346893101930618,0.05433089658617973
20260621_200751,0.005,2.5,1,unbiasv2,mlpgmm,2,0.05,0.0025,200000,unbiasv2,1,5000,"[256, 256]","[256, 256]",1,-1.711477518081665,0.008280082605779171,0.8387107253074646,0.005805290304124355,0.990217924118042,0.00433452520519495,-0.009749135002493858,0.00446126377210021,0.20628783106803894,0.020255452021956444
20260621_200750,0.005,0.0025,1,unbiasv2,mlpgmm,2,0.05,2.5,200000,unbiasv2,1,5000,"[256, 256]","[256, 256]",1,-1.744581937789917,0.08222571760416031,5.049337387084961,0.08413718640804291,0.8018338680267334,0.06710097938776016,-0.22300519049167633,0.08338910341262817,0.000825804949272424,0.0003540166071616113
20260621_200750,0.005,0.0025,1,unbiasv2,mlpgmm,2,0.05,0.8,200000,unbiasv2,1,5000,"[256, 256]","[256, 256]",1,-1.7304471731185913,0.013581065461039543,1.6309196949005127,0.018615154549479485,0.9420538544654846,0.01707279309630394,-0.05988842621445656,0.017623748630285263,0.01725819520652294,0.0058917333371937275
20260621_200751,0.005,2.5,1,unbiasv2,mlpgmm,2,0.05,0.025,200000,unbiasv2,1,5000,"[256, 256]","[256, 256]",1,-1.7208353281021118,0.0030684438534080982,0.21833249926567078,0.0022489349357783794,1.0007060766220093,0.0015122266486287117,0.0006817890098318458,0.001503254403360188,0.6853548884391785,0.023792270570993423
20260621_200751,0.005,2.5,1,unbiasv2,mlpgmm,2,0.05,0.008,200000,unbiasv2,1,5000,"[256, 256]","[256, 256]",1,-1.7182140350341797,0.003740379586815834,0.36655375361442566,0.0030554397962987423,0.9986474514007568,0.0020660413429141045,-0.0013115520123392344,0.002067835535854101,0.541959285736084,0.011775264516472816
20260621_200750,0.005,0.0025,1,unbiasv2,mlpgmm,2,0.125,0.00025,200000,unbiasv2,1,5000,"[256, 256]","[256, 256]",1,-1.4952590465545654,0.06736818701028824,33.67653274536133,0.13487331569194794,0.43517404794692993,0.03765429928898811,-0.834161102771759,0.08560241758823395,0.0007761777378618717,0.0003208519774489105
20260621_200751,0.005,2.5,1,unbiasv2,mlpgmm,2,0.05,0.08,200000,unbiasv2,1,5000,"[256, 256]","[256, 256]",1,-1.7272950410842896,0.0029344558715820312,0.16888684034347534,0.001908295787870884,0.9975511431694031,0.0012519587762653828,-0.002480780938640237,0.0012597849126905203,0.7580477595329285,0.0035526901483535767
20260621_200751,0.005,2.5,1,unbiasv2,mlpgmm,2,0.05,0.00025,200000,unbiasv2,1,5000,"[256, 256]","[256, 256]",1,-1.5032165050506592,0.016446717083454132,6.877699851989746,0.04220522567629814,0.7520761489868164,0.027218079194426537,-0.2861558794975281,0.035679303109645844,0.005242470186203718,0.003122702706605196
20260621_200751,0.005,2.5,1,unbiasv2,mlpgmm,2,0.025,0.8,200000,unbiasv2,1,5000,"[256, 256]","[256, 256]",1,-1.722818374633789,0.0026067986618727446,0.08255335688591003,0.0013075717724859715,0.9990817904472351,0.000875889032613486,-0.0009221817017532885,0.0009039228898473084,0.8645261526107788,0.0007494163583032787
20260621_200750,0.005,0.0025,1,unbiasv2,mlpgmm,2,0.05,0.08,200000,unbiasv2,1,5000,"[256, 256]","[256, 256]",1,-1.7328747510910034,0.008256997913122177,0.2598573863506317,0.0031903954222798347,1.0012977123260498,0.0026393961161375046,0.0013476249296218157,0.0026457845233380795,0.4527203142642975,0.1318962275981903
20260621_200750,0.005,0.0025,1,unbiasv2,mlpgmm,2,0.05,0.0025,200000,unbiasv2,1,5000,"[256, 256]","[256, 256]",1,-1.7232601642608643,0.008546844124794006,0.5759539008140564,0.0051206559874117374,1.0024417638778687,0.0042877341620624065,0.002609684830531478,0.004158149939030409,0.22545258700847626,0.029406847432255745
20260621_200751,0.005,2.5,1,unbiasv2,mlpgmm,2,0.025,2.5,200000,unbiasv2,1,5000,"[256, 256]","[256, 256]",1,-1.7211636304855347,0.0028249104507267475,0.2929535210132599,0.002589158248156309,1.0017356872558594,0.0016118432395160198,0.0017936209915205836,0.0015687724808230996,0.6636876463890076,0.004046782851219177
20260621_200750,0.005,0.0025,1,unbiasv2,mlpgmm,2,0.05,0.025,200000,unbiasv2,1,5000,"[256, 256]","[256, 256]",1,-1.7178891897201538,0.0029845961835235357,0.14749109745025635,0.0018292065942659974,1.0010247230529785,0.0012346365256235003,0.0010187103180214763,0.0012688044225797057,0.7611764073371887,0.004113862290978432
20260621_200750,0.005,0.0025,1,unbiasv2,mlpgmm,2,0.05,0.008,200000,unbiasv2,1,5000,"[256, 256]","[256, 256]",1,-1.7243738174438477,0.0034430252853780985,0.21540996432304382,0.0022624111734330654,0.9976330995559692,0.0015668546548113227,-0.0023710730019956827,0.0015900200232863426,0.6748183965682983,0.00501442002132535
20260621_200751,0.005,2.5,1,unbiasv2,mlpgmm,2,0.05,0.0008,200000,unbiasv2,1,5000,"[256, 256]","[256, 256]",1,-1.6644459962844849,0.020552650094032288,2.3417229652404785,0.022009164094924927,0.9867843389511108,0.01992337591946125,-0.013353120535612106,0.019542191177606583,0.013185045681893826,0.003923006821423769
20260621_200751,0.005,2.5,1,unbiasv2,mlpgmm,2,0.025,0.008,200000,unbiasv2,1,5000,"[256, 256]","[256, 256]",1,-1.7214782238006592,0.0028493159916251898,0.14351995289325714,0.0017740274779498577,0.997911274433136,0.0011353939771652222,-0.0020632967352867126,0.0011203729081898928,0.7958245277404785,0.0038232284132391214
20260621_200750,0.005,0.0025,1,unbiasv2,mlpgmm,2,0.05,0.00025,200000,unbiasv2,1,5000,"[256, 256]","[256, 256]",1,-1.4996819496154785,0.06816450506448746,5.366242408752441,0.11892644315958023,0.9473873972892761,0.11558569967746735,-0.060773178935050964,0.11829817295074463,0.002243707189336419,0.002706943778321147
20260621_200751,0.005,2.5,1,unbiasv2,mlpgmm,2,0.025,0.08,200000,unbiasv2,1,5000,"[256, 256]","[256, 256]",1,-1.7184487581253052,0.002671620575711131,0.09243118762969971,0.0013997148489579558,0.9995140433311462,0.0008906269795261323,-0.0004924180684611201,0.0008992330986075103,0.8619626760482788,0.0008141531143337488
20260621_200751,0.005,2.5,1,unbiasv2,mlpgmm,2,0.025,0.25,200000,unbiasv2,1,5000,"[256, 256]","[256, 256]",1,-1.7209277153015137,0.002641593338921666,0.08240891247987747,0.001315574161708355,0.9986163973808289,0.0008487713639624417,-0.001376576372422278,0.0008634346886537969,0.8701921701431274,0.0006421814323402941
20260621_200751,0.005,2.5,1,unbiasv2,mlpgmm,2,0.025,0.025,200000,unbiasv2,1,5000,"[256, 256]","[256, 256]",1,-1.7162572145462036,0.0026823277585208416,0.1066390722990036,0.0015273046446964145,1.0005085468292236,0.0009402044233866036,0.0005188139039091766,0.000966086343396455,0.8445869088172913,0.0017237869324162602
20260621_200750,0.005,0.0025,1,unbiasv2,mlpgmm,2,0.025,2.5,200000,unbiasv2,1,5000,"[256, 256]","[256, 256]",1,-2.0933895111083984,0.16555137932300568,4.501680850982666,0.3050445318222046,1.1029422283172607,0.355419397354126,0.057827096432447433,0.3039160668849945,0.0008227790822274983,0.0014219017466530204
20260621_200750,0.005,0.0025,1,unbiasv2,mlpgmm,2,0.05,0.0008,200000,unbiasv2,1,5000,"[256, 256]","[256, 256]",1,-1.7058944702148438,0.02682306244969368,1.720156192779541,0.01857862062752247,0.9902182221412659,0.016752177849411964,-0.00941711850464344,0.017194969579577446,0.018222957849502563,0.006408817134797573
20260621_200750,0.005,0.0025,1,unbiasv2,mlpgmm,2,0.025,0.8,200000,unbiasv2,1,5000,"[256, 256]","[256, 256]",1,-1.7430567741394043,0.06096697598695755,1.5163264274597168,0.04568684473633766,1.0291697978973389,0.047569390386343,0.027732182294130325,0.04492758959531784,0.004355947952717543,0.004134213086217642
20260621_200751,0.005,2.5,1,unbiasv2,mlpgmm,2,0.025,0.0008,200000,unbiasv2,1,5000,"[256, 256]","[256, 256]",1,-1.7265886068344116,0.007756821345537901,0.6292043328285217,0.0049156504683196545,0.999861478805542,0.0037732829805463552,-5.097446410218254e-05,0.0037652200553566217,0.2583220601081848,0.01928223855793476
20260621_200751,0.005,2.5,1,unbiasv2,mlpgmm,2,0.025,0.0025,200000,unbiasv2,1,5000,"[256, 256]","[256, 256]",1,-1.7204039096832275,0.003278461517766118,0.26223036646842957,0.0025811197701841593,0.9984754920005798,0.0016287293983623385,-0.0015785277355462313,0.0016407702350988984,0.6523277759552002,0.005876875016838312
20260621_200751,0.005,2.5,1,unbiasv2,mlpgmm,2,0.025,0.00025,200000,unbiasv2,1,5000,"[256, 256]","[256, 256]",1,-1.7204413414001465,0.031564753502607346,1.9197801351547241,0.094502292573452,1.1103224754333496,0.10632603615522385,0.09956228733062744,0.09321657568216324,0.0050835865549743176,0.007795978803187609
20260621_200751,0.005,2.5,1,unbiasv2,mlpgmm,2,0.0125,2.5,200000,unbiasv2,1,5000,"[256, 256]","[256, 256]",1,-1.7213339805603027,0.002519079251214862,0.07172241806983948,0.001211891882121563,0.9995306134223938,0.0008135494426824152,-0.00047004621592350304,0.0008122337167151272,0.8831796646118164,0.0007153126643970609
20260621_200750,0.005,0.0025,1,unbiasv2,mlpgmm,2,0.025,0.25,200000,unbiasv2,1,5000,"[256, 256]","[256, 256]",1,-1.7335621118545532,0.008978480473160744,0.5633165240287781,0.006778280716389418,0.9944363236427307,0.006125537678599358,-0.005436221603304148,0.006066595204174519,0.12515541911125183,0.03158125653862953
20260621_200750,0.005,0.0025,1,unbiasv2,mlpgmm,2,0.025,0.025,200000,unbiasv2,1,5000,"[256, 256]","[256, 256]",1,-1.7229032516479492,0.002901604166254401,0.0935325026512146,0.0014071926707401872,1.0005005598068237,0.0009842101717367768,0.0004962167586199939,0.0009853857336565852,0.837757408618927,0.0036331790033727884
20260621_200750,0.005,0.0025,1,unbiasv2,mlpgmm,2,0.025,0.08,200000,unbiasv2,1,5000,"[256, 256]","[256, 256]",1,-1.719158411026001,0.003199859755113721,0.21510599553585052,0.0023597863037139177,0.997278094291687,0.0017846142873167992,-0.0027555518317967653,0.0017648735083639622,0.6144914031028748,0.022489117458462715
20260621_200750,0.005,0.0025,1,unbiasv2,mlpgmm,2,0.025,0.008,200000,unbiasv2,1,5000,"[256, 256]","[256, 256]",1,-1.7237659692764282,0.0029836928006261587,0.07837478816509247,0.001335268490947783,1.000908613204956,0.0009545836946927011,0.0009216247126460075,0.0009465044713579118,0.850289523601532,0.008337019942700863
20260621_200750,0.005,0.0025,1,unbiasv2,mlpgmm,2,0.025,0.0008,200000,unbiasv2,1,5000,"[256, 256]","[256, 256]",1,-1.722443699836731,0.00953876692801714,0.44122663140296936,0.005548844579607248,1.0018261671066284,0.00496987858787179,0.0017872359603643417,0.004901191685348749,0.20005719363689423,0.08395619690418243
20260621_200751,0.005,2.5,1,unbiasv2,mlpgmm,2,0.0125,0.08,200000,unbiasv2,1,5000,"[256, 256]","[256, 256]",1,-1.71825110912323,0.0025976267643272877,0.05903368443250656,0.0010950372088700533,1.0005708932876587,0.000689920736476779,0.0005659153102897108,0.0006904306937940419,0.9133678674697876,0.0003760847612284124
20260621_200750,0.005,0.0025,1,unbiasv2,mlpgmm,2,0.025,0.00025,200000,unbiasv2,1,5000,"[256, 256]","[256, 256]",1,-1.7141101360321045,0.027150748297572136,1.3610068559646606,0.01979975402355194,1.0003306865692139,0.018646445125341415,-0.00021699485660064965,0.018483035266399384,0.019581466913223267,0.012712854892015457
20260621_200750,0.005,0.0025,1,unbiasv2,mlpgmm,2,0.025,0.0025,200000,unbiasv2,1,5000,"[256, 256]","[256, 256]",1,-1.7238152027130127,0.0033354756888002157,0.15625658631324768,0.0018996034050360322,0.9986044764518738,0.0013237642124295235,-0.0014256633585318923,0.0013125361874699593,0.7397271394729614,0.004752368666231632
20260621_200750,0.005,0.0025,1,unbiasv2,mlpgmm,2,0.0125,2.5,200000,unbiasv2,1,5000,"[256, 256]","[256, 256]",1,-1.9932941198349,0.3251160681247711,4.415902137756348,0.4299500286579132,1.4276751279830933,0.6253534555435181,0.27199700474739075,0.4242939054965973,0.00037588481791317463,0.0005709378165192902
20260621_200751,0.005,2.5,1,unbiasv2,mlpgmm,2,0.0125,0.025,200000,unbiasv2,1,5000,"[256, 256]","[256, 256]",1,-1.7232253551483154,0.0025860080495476723,0.06530063599348068,0.0011668088845908642,0.9982829093933105,0.0007131064776331186,-0.0017414138419553638,0.0007108277641236782,0.9073478579521179,0.0006204800447449088
20260621_200751,0.005,2.5,1,unbiasv2,mlpgmm,2,0.0125,0.8,200000,unbiasv2,1,5000,"[256, 256]","[256, 256]",1,-1.7201834917068481,0.002590783638879657,0.04363333806395531,0.000944242812693119,0.9998335838317871,0.0006342999986372888,-0.00018017787078861147,0.000635191856417805,0.9254683256149292,0.0003477403079159558
20260621_200751,0.005,2.5,1,unbiasv2,mlpgmm,2,0.0125,0.25,200000,unbiasv2,1,5000,"[256, 256]","[256, 256]",1,-1.7191309928894043,0.002582006622105837,0.05132344365119934,0.001036333735100925,0.9989580512046814,0.0006557251326739788,-0.0010627618758007884,0.0006671600276604295,0.9193600416183472,0.0003226236440241337
20260621_200750,0.005,0.0025,1,unbiasv2,mlpgmm,2,0.0125,0.025,200000,unbiasv2,1,5000,"[256, 256]","[256, 256]",1,-1.724839448928833,0.002759806113317609,0.07453957945108414,0.001251380192115903,1.0005658864974976,0.000887269270606339,0.0005828357534483075,0.0008669525268487632,0.8655166029930115,0.0011244602501392365
20260621_200751,0.005,2.5,1,unbiasv2,mlpgmm,2,0.0125,0.0025,200000,unbiasv2,1,5000,"[256, 256]","[256, 256]",1,-1.7263141870498657,0.0028234117198735476,0.10473822057247162,0.0014904966810718179,0.9989156126976013,0.0009385239682160318,-0.0010503351222723722,0.0009130780235864222,0.8543714880943298,0.0019129099091514945
20260621_200750,0.005,0.0025,1,unbiasv2,mlpgmm,2,0.0125,0.08,200000,unbiasv2,1,5000,"[256, 256]","[256, 256]",1,-1.7243566513061523,0.0033906905446201563,0.19862784445285797,0.002350655384361744,0.9976007342338562,0.0017827668925747275,-0.002405558479949832,0.0017770947888493538,0.6093305349349976,0.013246781192719936
20260621_200751,0.005,2.5,1,unbiasv2,mlpgmm,2,0.0125,0.00025,200000,unbiasv2,1,5000,"[256, 256]","[256, 256]",1,-1.7165591716766357,0.0044485898688435555,0.48498016595840454,0.0038641616702079773,0.9942784905433655,0.002787321573123336,-0.005801094695925713,0.002777491696178913,0.3946400284767151,0.011898121796548367
20260621_200751,0.005,2.5,1,unbiasv2,mlpgmm,2,0.0125,0.008,200000,unbiasv2,1,5000,"[256, 256]","[256, 256]",1,-1.718823790550232,0.00269801146350801,0.07417687773704529,0.001254405127838254,1.0005745887756348,0.0007582267862744629,0.0005696201114915311,0.000759985065087676,0.8954384326934814,0.0006958873709663749
20260621_200750,0.005,0.0025,1,unbiasv2,mlpgmm,2,0.0125,0.25,200000,unbiasv2,1,5000,"[256, 256]","[256, 256]",1,-1.7145283222198486,0.005856604781001806,0.5277011394500732,0.006379450671374798,0.9900898337364197,0.005764563102275133,-0.009865795262157917,0.00580945797264576,0.14103122055530548,0.04208981245756149
20260621_200751,0.005,2.5,1,unbiasv2,mlpgmm,2,0.0125,0.0008,200000,unbiasv2,1,5000,"[256, 256]","[256, 256]",1,-1.7253575325012207,0.0030576628632843494,0.19464610517024994,0.002144342055544257,1.002274990081787,0.0013870681868866086,0.002242280635982752,0.0013919374905526638,0.7198256850242615,0.007584934122860432
20260621_200750,0.005,0.0025,1,unbiasv2,mlpgmm,2,0.0125,0.8,200000,unbiasv2,1,5000,"[256, 256]","[256, 256]",1,-1.7427886724472046,0.010816226713359356,1.3279975652694702,0.012835728004574776,0.9098103046417236,0.010852156206965446,-0.09413952380418777,0.012130068615078926,0.03419657051563263,0.006100062746554613
20260621_200751,0.005,2.5,1,unbiasv2,mlpgmm,2,0.005,0.25,200000,unbiasv2,1,5000,"[256, 256]","[256, 256]",1,-1.7228968143463135,0.002600856591016054,0.03380721062421799,0.0008411196176894009,1.0003347396850586,0.000523694499861449,0.0003399425477255136,0.0005166988121345639,0.9491561055183411,0.00022312057262752205
20260621_200751,0.005,2.5,1,unbiasv2,mlpgmm,2,0.005,0.8,200000,unbiasv2,1,5000,"[256, 256]","[256, 256]",1,-1.7205605506896973,0.002544823568314314,0.024898789823055267,0.0007020881748758256,0.9992927312850952,0.00047191971680149436,-0.0007125806878320873,0.0004644707660190761,0.958405077457428,0.00019136074115522206
20260621_200751,0.005,2.5,1,unbiasv2,mlpgmm,2,0.005,0.08,200000,unbiasv2,1,5000,"[256, 256]","[256, 256]",1,-1.7255759239196777,0.0024816941004246473,0.04026458039879799,0.0009159256005659699,1.0003831386566162,0.0005429103039205074,0.0003824990999419242,0.000543561764061451,0.9444738030433655,0.00024570542154833674
20260621_200751,0.005,2.5,1,unbiasv2,mlpgmm,2,0.005,2.5,200000,unbiasv2,1,5000,"[256, 256]","[256, 256]",1,-1.7208821773529053,0.0024875609669834375,0.023661650717258453,0.0007137823267839849,0.999623715877533,0.00045967131154611707,-0.0003873700916301459,0.0004598426748998463,0.9589400291442871,0.0002045197761617601
20260621_200750,0.005,0.0025,1,unbiasv2,mlpgmm,2,0.0125,0.0008,200000,unbiasv2,1,5000,"[256, 256]","[256, 256]",1,-1.7208999395370483,0.0030621837358921766,0.11640721559524536,0.0016213245689868927,1.0001945495605469,0.0011538679245859385,0.00018790892499964684,0.001141863176599145,0.7923603653907776,0.003545614657923579
20260621_200750,0.005,0.0025,1,unbiasv2,mlpgmm,2,0.0125,0.008,200000,unbiasv2,1,5000,"[256, 256]","[256, 256]",1,-1.7248706817626953,0.0026917527429759502,0.03991597518324852,0.0009103226475417614,1.0004874467849731,0.0006189463310874999,0.0004745635960716754,0.000618946214672178,0.9284952878952026,0.0005234123091213405
20260621_200750,0.005,0.0025,1,unbiasv2,mlpgmm,2,0.0125,0.00025,200000,unbiasv2,1,5000,"[256, 256]","[256, 256]",1,-1.7124238014221191,0.004628745373338461,0.3484824001789093,0.0035272242967039347,1.0027981996536255,0.002767569851130247,0.0027389032766222954,0.0027488565538078547,0.4003147780895233,0.019069483503699303
20260621_200750,0.005,0.0025,1,unbiasv2,mlpgmm,2,0.0125,0.0025,200000,unbiasv2,1,5000,"[256, 256]","[256, 256]",1,-1.720870852470398,0.0028170638252049685,0.04874373599886894,0.0010118797654286027,1.0006380081176758,0.0006895397673361003,0.0006685600383207202,0.0006925072520971298,0.9119616150856018,0.001088282442651689
20260621_200751,0.005,2.5,1,unbiasv2,mlpgmm,2,0.005,0.025,200000,unbiasv2,1,5000,"[256, 256]","[256, 256]",1,-1.722790002822876,0.0024801793042570353,0.043543919920921326,0.0009381611598655581,1.000357747077942,0.0005535339005291462,0.0003715629572980106,0.0005592735833488405,0.9425187110900879,0.0002620627055875957
20260621_200751,0.005,2.5,1,unbiasv2,mlpgmm,2,0.005,0.0008,200000,unbiasv2,1,5000,"[256, 256]","[256, 256]",1,-1.7246284484863281,0.0025126230902969837,0.06565054506063461,0.001167517388239503,1.0008772611618042,0.000694454472977668,0.0008790649008005857,0.0007053585723042488,0.912997841835022,0.00038730399683117867
20260621_200751,0.005,2.5,1,unbiasv2,mlpgmm,2,0.005,0.0025,200000,unbiasv2,1,5000,"[256, 256]","[256, 256]",1,-1.7204660177230835,0.002517889952287078,0.05170544981956482,0.0010423738276585937,0.9999983310699463,0.0006021778681315482,6.4081191339937504e-06,0.000604133412707597,0.9329698085784912,0.00041633425280451775
20260621_200751,0.005,2.5,1,unbiasv2,mlpgmm,2,0.005,0.008,200000,unbiasv2,1,5000,"[256, 256]","[256, 256]",1,-1.7209850549697876,0.0025337350089102983,0.04629882425069809,0.0009968712693080306,1.0006040334701538,0.0005611375672742724,0.0006173732690513134,0.0005672666011378169,0.9400668740272522,0.0002815299085341394
20260621_200750,0.005,0.0025,1,unbiasv2,mlpgmm,2,0.005,0.08,200000,unbiasv2,1,5000,"[256, 256]","[256, 256]",1,-1.7224550247192383,0.0034167300909757614,0.18869708478450775,0.002390150912106037,0.9983404278755188,0.0019205230055376887,-0.0016219747485592961,0.0019297251710668206,0.577555775642395,0.03381180390715599
20260621_200750,0.005,0.0025,1,unbiasv2,mlpgmm,2,0.005,0.25,200000,unbiasv2,1,5000,"[256, 256]","[256, 256]",1,-1.7213459014892578,0.007105142809450626,0.514974057674408,0.00679625803604722,0.9987837672233582,0.006265056319534779,-0.0013141883537173271,0.006494306493550539,0.11174225807189941,0.018928835168480873
20260621_200750,0.005,0.0025,1,unbiasv2,mlpgmm,2,0.005,2.5,200000,unbiasv2,1,5000,"[256, 256]","[256, 256]",1,-1.8516075611114502,0.06078140437602997,3.7969532012939453,0.12194516509771347,0.8123299479484558,0.10336790233850479,-0.21963275969028473,0.12128788977861404,0.0023840877693146467,0.0028892424888908863
20260621_200750,0.005,0.0025,1,unbiasv2,mlpgmm,2,0.005,0.8,200000,unbiasv2,1,5000,"[256, 256]","[256, 256]",1,-1.7491835355758667,0.015769662335515022,1.3073395490646362,0.01590881124138832,0.9344369173049927,0.014086658135056496,-0.06807418912649155,0.015266763046383858,0.0229792557656765,0.00574216665700078
20260621_200751,0.005,2.5,1,unbiasv2,mlpgmm,2,0.005,0.00025,200000,unbiasv2,1,5000,"[256, 256]","[256, 256]",1,-1.7201738357543945,0.0026838916819542646,0.11440926045179367,0.0015733535401523113,0.9996673464775085,0.0009591130074113607,-0.00032713680411688983,0.0009616190218366683,0.8420743942260742,0.001465920708142221
20260621_200751,0.005,2.5,1,unbiasv2,mlpgmm,2,0.0025,0.8,200000,unbiasv2,1,5000,"[256, 256]","[256, 256]",1,-1.723006010055542,0.002600987209007144,0.01941382698714733,0.0006237401976250112,0.9997228384017944,0.00040679879020899534,-0.0002837671199813485,0.0004058442427776754,0.9679486155509949,0.0002339754137210548
20260621_200751,0.005,2.5,1,unbiasv2,mlpgmm,2,0.0025,2.5,200000,unbiasv2,1,5000,"[256, 256]","[256, 256]",1,-1.720945119857788,0.002533485647290945,0.015646150335669518,0.000571196258533746,0.9998816251754761,0.00037390811485238373,-0.00013289680646266788,0.00036789977457374334,0.9732382297515869,0.00015599673497490585
20260621_200751,0.005,2.5,1,unbiasv2,mlpgmm,2,0.0025,0.25,200000,unbiasv2,1,5000,"[256, 256]","[256, 256]",1,-1.7200855016708374,0.0025462263729423285,0.028034111484885216,0.0007473278092220426,1.000267744064331,0.000458468624856323,0.00026625575264915824,0.0004583266272675246,0.9591875672340393,0.0002019229723373428
20260621_200750,0.005,0.0025,1,unbiasv2,mlpgmm,2,0.005,0.0025,200000,unbiasv2,1,5000,"[256, 256]","[256, 256]",1,-1.718341588973999,0.0025779823772609234,0.01648136042058468,0.0005784945678897202,0.999677300453186,0.0003936315479222685,-0.00032681255834177136,0.0003932484542019665,0.9704665541648865,0.0001499429636169225
20260621_200750,0.005,0.0025,1,unbiasv2,mlpgmm,2,0.005,0.008,200000,unbiasv2,1,5000,"[256, 256]","[256, 256]",1,-1.7168536186218262,0.00262477551586926,0.02653132937848568,0.0007338857976719737,0.9992217421531677,0.0005026175640523434,-0.0007771003292873502,0.0004972596652805805,0.951915979385376,0.0002435644855722785
20260621_200750,0.005,0.0025,1,unbiasv2,mlpgmm,2,0.005,0.0008,200000,unbiasv2,1,5000,"[256, 256]","[256, 256]",1,-1.723099708557129,0.0025953215081244707,0.023891590535640717,0.0006975607830099761,1.0008349418640137,0.0004689263878390193,0.0008243554621003568,0.0004702149308286607,0.9570816159248352,0.00023632617376279086
20260621_200750,0.005,0.0025,1,unbiasv2,mlpgmm,2,0.005,0.025,200000,unbiasv2,1,5000,"[256, 256]","[256, 256]",1,-1.720737099647522,0.0027893339283764362,0.0657920315861702,0.0012086781207472086,0.9990037083625793,0.0008456403738819063,-0.0010080391075462103,0.0008438318618573248,0.8747344613075256,0.0013269786722958088
20260621_200751,0.005,2.5,1,unbiasv2,mlpgmm,2,0.0025,0.0025,200000,unbiasv2,1,5000,"[256, 256]","[256, 256]",1,-1.7266308069229126,0.0026556048542261124,0.04092525318264961,0.0009271442540921271,0.9996691346168518,0.0005096469540148973,-0.00032410238054580986,0.0005124005256220698,0.9495530724525452,0.001552377245388925
20260621_200750,0.005,0.0025,1,unbiasv2,mlpgmm,2,0.005,0.00025,200000,unbiasv2,1,5000,"[256, 256]","[256, 256]",1,-1.7207499742507935,0.0027289027348160744,0.05941682308912277,0.0011217051651328802,0.9979396462440491,0.0007740087457932532,-0.0020645312033593655,0.0007861392805352807,0.8913843631744385,0.001008074963465333
20260621_200751,0.005,2.5,1,unbiasv2,mlpgmm,2,0.0025,0.008,200000,unbiasv2,1,5000,"[256, 256]","[256, 256]",1,-1.7184561491012573,0.0024437003303319216,0.03933550789952278,0.0009237030171789229,0.9992148876190186,0.0004952512099407613,-0.0007963401731103659,0.00048781282384879887,0.9527167677879333,0.00027727472479455173
20260621_200751,0.005,2.5,1,unbiasv2,mlpgmm,2,0.0025,0.08,200000,unbiasv2,1,5000,"[256, 256]","[256, 256]",1,-1.7211968898773193,0.00245944713242352,0.03470159322023392,0.0008440628880634904,1.000107765197754,0.0004925031098537147,0.00010645732254488394,0.00048016171786002815,0.9542365074157715,0.00022298791736830026
20260621_200750,0.005,0.0025,1,unbiasv2,mlpgmm,2,0.0025,0.25,200000,unbiasv2,1,5000,"[256, 256]","[256, 256]",1,-1.7257835865020752,0.008365698158740997,0.5101446509361267,0.0064063044264912605,0.9994481205940247,0.005851931869983673,-0.0005751840653829277,0.0057586426846683025,0.1333143711090088,0.028161942958831787
20260621_200751,0.005,2.5,1,unbiasv2,mlpgmm,2,0.0025,0.025,200000,unbiasv2,1,5000,"[256, 256]","[256, 256]",1,-1.7209899425506592,0.0024902313016355038,0.0385727621614933,0.0009057552670128644,0.9988168478012085,0.0004960018559359014,-0.00117589277215302,0.0004901205538772047,0.9526349306106567,0.0002563794841989875
20260621_200750,0.005,0.0025,1,unbiasv2,mlpgmm,2,0.0025,0.8,200000,unbiasv2,1,5000,"[256, 256]","[256, 256]",1,-1.748673439025879,0.01867673546075821,1.3384678363800049,0.025965677574276924,0.9856501817703247,0.025884384289383888,-0.015251606702804565,0.026009101420640945,0.010255935601890087,0.0061386143788695335
20260621_200750,0.005,0.0025,1,unbiasv2,mlpgmm,2,0.0025,2.5,200000,unbiasv2,1,5000,"[256, 256]","[256, 256]",1,-1.6168131828308105,0.26120811700820923,4.888903617858887,0.83945631980896,3.532012701034546,2.590653657913208,0.9045425653457642,0.8404968976974487,0.0002900284016504884,0.0007198603707365692
20260621_200751,0.005,2.5,1,unbiasv2,mlpgmm,2,0.0025,0.0008,200000,unbiasv2,1,5000,"[256, 256]","[256, 256]",1,-1.7194255590438843,0.002465213183313608,0.04421333596110344,0.0009834500961005688,1.0002328157424927,0.0005308939726091921,0.0002212163817603141,0.0005422758404165506,0.9458622932434082,0.0002671769470907748
20260621_200750,0.005,0.0025,1,unbiasv2,mlpgmm,2,0.0025,0.0025,200000,unbiasv2,1,5000,"[256, 256]","[256, 256]",1,-1.7204886674880981,0.0025194205809384584,0.011288337409496307,0.00047493440797552466,1.0001108646392822,0.00032499790540896356,0.00010582465620245785,0.0003240577643737197,0.9801071286201477,0.00010298658162355423
20260621_200751,0.005,2.5,1,unbiasv2,mlpgmm,2,0.0025,0.00025,200000,unbiasv2,1,5000,"[256, 256]","[256, 256]",1,-1.7230980396270752,0.0025323135778307915,0.05582660064101219,0.0011024660198017955,1.0001263618469238,0.0006177691393531859,0.00011923370038857684,0.0006167876999825239,0.9290649890899658,0.0003291443281341344
20260621_200750,0.005,0.0025,1,unbiasv2,mlpgmm,2,0.0025,0.025,200000,unbiasv2,1,5000,"[256, 256]","[256, 256]",1,-1.7226660251617432,0.002823329297825694,0.06390173733234406,0.001181617146357894,1.0002535581588745,0.0008444700506515801,0.0003011442022398114,0.0008488685707561672,0.874779462814331,0.002072483766824007
20260621_200750,0.005,0.0025,1,unbiasv2,mlpgmm,2,0.0025,0.008,200000,unbiasv2,1,5000,"[256, 256]","[256, 256]",1,-1.7219452857971191,0.0025165476836264133,0.023692134767770767,0.0006888100760988891,0.9998971223831177,0.0004821377224288881,-9.385184966959059e-05,0.0004748427018057555,0.9561570286750793,0.00025332783116027713
20260621_200750,0.005,0.0025,1,unbiasv2,mlpgmm,2,0.0025,0.08,200000,unbiasv2,1,5000,"[256, 256]","[256, 256]",1,-1.7252198457717896,0.004075543023645878,0.18472911417484283,0.002326852409169078,0.9999596476554871,0.0018293631728738546,-5.267257438390516e-05,0.0018072971142828465,0.6008024215698242,0.013754372484982014
20260621_200751,0.005,2.5,1,unbiasv2,mlpgmm,2,0.00125,2.5,200000,unbiasv2,1,5000,"[256, 256]","[256, 256]",1,-1.7225546836853027,0.0026073302142322063,0.012830257415771484,0.0005100847920402884,1.0005954504013062,0.0003298957890365273,0.0006048500072211027,0.0003391967329662293,0.9780899882316589,0.00016772875096648932
20260621_200751,0.005,2.5,1,unbiasv2,mlpgmm,2,0.00125,0.8,200000,unbiasv2,1,5000,"[256, 256]","[256, 256]",1,-1.7244077920913696,0.002579478779807687,0.01674940250813961,0.000587817223276943,1.0002692937850952,0.00037327560130506754,0.00026135978987440467,0.0003756131627596915,0.9728005528450012,0.00016127184790093452
20260621_200750,0.005,0.0025,1,unbiasv2,mlpgmm,2,0.0025,0.00025,200000,unbiasv2,1,5000,"[256, 256]","[256, 256]",1,-1.7199891805648804,0.0025374481920152903,0.01790510304272175,0.0006090533570386469,0.9999576210975647,0.00041252755909226835,-4.241580973030068e-05,0.00041011368739418685,0.967949390411377,0.00018042302690446377
20260621_200751,0.005,2.5,1,unbiasv2,mlpgmm,2,0.00125,0.25,200000,unbiasv2,1,5000,"[256, 256]","[256, 256]",1,-1.7234206199645996,0.002660805592313409,0.02520792931318283,0.0007151174359023571,0.9998773336410522,0.00042990822112187743,-0.00011652812827378511,0.000437869195593521,0.9634459018707275,0.0006720549426972866
20260621_200750,0.005,0.0025,1,unbiasv2,mlpgmm,2,0.0025,0.0008,200000,unbiasv2,1,5000,"[256, 256]","[256, 256]",1,-1.7187132835388184,0.002545176772400737,0.010141098871827126,0.00044518057256937027,1.000123143196106,0.0002917200035881251,0.00011698684102157131,0.0002947589964605868,0.9824271202087402,0.00012378145765978843
20260621_200750,0.005,0.0025,1,unbiasv2,mlpgmm,2,0.00125,0.8,200000,unbiasv2,1,5000,"[256, 256]","[256, 256]",1,-1.6284834146499634,0.10376612842082977,1.4055447578430176,0.10447654128074646,1.0735491514205933,0.11568693816661835,0.06816346198320389,0.10470739006996155,0.004501174204051495,0.006618690676987171
20260621_200750,0.005,0.0025,1,unbiasv2,mlpgmm,2,0.00125,2.5,200000,unbiasv2,1,5000,"[256, 256]","[256, 256]",1,-1.819101333618164,0.07177580147981644,3.7288706302642822,0.0732814371585846,0.7952699661254883,0.05843530222773552,-0.2325827032327652,0.07237782329320908,0.0014200062723830342,0.0009936414426192641
20260621_200751,0.005,2.5,1,unbiasv2,mlpgmm,2,0.00125,0.025,200000,unbiasv2,1,5000,"[256, 256]","[256, 256]",1,-1.7166827917099,0.002495409455150366,0.03489875793457031,0.0008274470455944538,1.00020170211792,0.00047103650285862386,0.00019382571917958558,0.0004667958419304341,0.9586541056632996,0.00023488471924792975
20260621_200751,0.005,2.5,1,unbiasv2,mlpgmm,2,0.00125,0.008,200000,unbiasv2,1,5000,"[256, 256]","[256, 256]",1,-1.7198675870895386,0.0024871963541954756,0.03645337373018265,0.0008816012996248901,0.9993332028388977,0.0004591599281411618,-0.0006675187614746392,0.0004583457484841347,0.9583043456077576,0.00023736292496323586
20260621_200751,0.005,2.5,1,unbiasv2,mlpgmm,2,0.00125,0.08,200000,unbiasv2,1,5000,"[256, 256]","[256, 256]",1,-1.7237941026687622,0.002529282821342349,0.03205212950706482,0.0008233694243244827,0.9999740123748779,0.0004603956185746938,-1.9694518414326012e-05,0.0004596352519001812,0.9594150185585022,0.00023763799981679767
20260621_200750,0.005,0.0025,1,unbiasv2,mlpgmm,2,0.00125,0.008,200000,unbiasv2,1,5000,"[256, 256]","[256, 256]",1,-1.7209237813949585,0.0025694777723401785,0.02254307270050049,0.0006817511166445911,1.0006722211837769,0.0004726937913801521,0.0006812301580794156,0.00047605630243197083,0.9579084515571594,0.000298095605103299
20260621_200750,0.005,0.0025,1,unbiasv2,mlpgmm,2,0.00125,0.08,200000,unbiasv2,1,5000,"[256, 256]","[256, 256]",1,-1.7192282676696777,0.003342167939990759,0.18400825560092926,0.002312786877155304,1.0009572505950928,0.0018288481514900923,0.0009722217218950391,0.001818189863115549,0.6055074334144592,0.011991510167717934
20260621_200750,0.005,0.0025,1,unbiasv2,mlpgmm,2,0.00125,0.25,200000,unbiasv2,1,5000,"[256, 256]","[256, 256]",1,-1.7155324220657349,0.00536266528069973,0.5013374090194702,0.0054278806783258915,0.993791937828064,0.004846363328397274,-0.006200539413839579,0.004832797683775425,0.17670130729675293,0.015617329627275467
20260621_200750,0.005,0.0025,1,unbiasv2,mlpgmm,2,0.00125,0.025,200000,unbiasv2,1,5000,"[256, 256]","[256, 256]",1,-1.7241449356079102,0.0027958371210843325,0.06233798339962959,0.0011680109892040491,0.9991832971572876,0.0008431427413597703,-0.0008268676465377212,0.0008404784603044391,0.8759960532188416,0.0016703737201169133
20260621_200751,0.005,2.5,1,unbiasv2,mlpgmm,2,0.00125,0.0025,200000,unbiasv2,1,5000,"[256, 256]","[256, 256]",1,-1.7195886373519897,0.002465419704094529,0.0362020842730999,0.0008781455107964575,1.0004363059997559,0.0004736477567348629,0.00043332824134267867,0.0004614153294824064,0.9583337903022766,0.00023739652533549815
20260621_200751,0.005,2.5,1,unbiasv2,mlpgmm,2,0.00125,0.00025,200000,unbiasv2,1,5000,"[256, 256]","[256, 256]",1,-1.7225358486175537,0.0024759522639214993,0.040175218135118484,0.0009025557083077729,0.9996852278709412,0.0004963489482179284,-0.0003172605356667191,0.0005114522646181285,0.9527384638786316,0.00025011118850670755
20260621_200751,0.005,2.5,1,unbiasv2,mlpgmm,2,0.00125,0.0008,200000,unbiasv2,1,5000,"[256, 256]","[256, 256]",1,-1.7238503694534302,0.0024510149378329515,0.03708909451961517,0.0008770925924181938,0.9996525049209595,0.00046818560804240406,-0.00034641800448298454,0.0004758404102176428,0.9571847319602966,0.0002359448408242315
20260621_200751,0.005,2.5,1,unbiasv2,mlpgmm,2,0.0005,2.5,200000,unbiasv2,1,5000,"[256, 256]","[256, 256]",1,-1.7259761095046997,0.0026344761718064547,0.011425170116126537,0.0004824034112971276,1.0001345872879028,0.0003098666784353554,0.00014038906374480575,0.0003203385276719928,0.9805602431297302,0.0001402616035193205
20260621_200750,0.005,0.0025,1,unbiasv2,mlpgmm,2,0.00125,0.0008,200000,unbiasv2,1,5000,"[256, 256]","[256, 256]",1,-1.719789743423462,0.0025010977406054735,0.0061166007071733475,0.0003453401441220194,1.00001859664917,0.00023058793158270419,2.155284892069176e-05,0.00022440637985710055,0.9898656010627747,7.130008452804759e-05
20260621_200750,0.005,0.0025,1,unbiasv2,mlpgmm,2,0.00125,0.00025,200000,unbiasv2,1,5000,"[256, 256]","[256, 256]",1,-1.7216479778289795,0.002513627056032419,0.007093581836670637,0.0003756998048629612,0.9998499751091003,0.00024731288431212306,-0.00015493392129428685,0.000247293763095513,0.9876681566238403,0.0003191641881130636
20260621_200750,0.005,0.0025,1,unbiasv2,mlpgmm,2,0.00125,0.0025,200000,unbiasv2,1,5000,"[256, 256]","[256, 256]",1,-1.7213010787963867,0.0025632581673562527,0.009546545334160328,0.0004338239086791873,0.999691367149353,0.00029535923385992646,-0.00029699591686949134,0.00029440782964229584,0.9831886291503906,9.03135587577708e-05
20260621_200751,0.005,2.5,1,unbiasv2,mlpgmm,2,0.0005,0.8,200000,unbiasv2,1,5000,"[256, 256]","[256, 256]",1,-1.720730185508728,0.002579128835350275,0.015220039524137974,0.0005634592962451279,0.9998681545257568,0.0003515768039505929,-0.0001404752692906186,0.00035180585109628737,0.9748095273971558,0.0008024148992262781
20260621_200751,0.005,2.5,1,unbiasv2,mlpgmm,2,0.0005,0.25,200000,unbiasv2,1,5000,"[256, 256]","[256, 256]",1,-1.7221683263778687,0.002563548507168889,0.024073109030723572,0.0007002656348049641,0.9993205070495605,0.0004181355470791459,-0.0006748118903487921,0.00041456747567281127,0.9666032791137695,0.00026474008336663246
20260621_200751,0.005,2.5,1,unbiasv2,mlpgmm,2,0.0005,0.025,200000,unbiasv2,1,5000,"[256, 256]","[256, 256]",1,-1.7214641571044922,0.002528874669224024,0.032776135951280594,0.0008168715867213905,0.999985933303833,0.000447984435595572,-1.9696617528097704e-05,0.00044969026930630207,0.9618403315544128,0.00032689262297935784
20260621_200750,0.005,0.0025,1,unbiasv2,mlpgmm,2,0.0005,2.5,200000,unbiasv2,1,5000,"[256, 256]","[256, 256]",1,-1.7449471950531006,0.06283841282129288,3.672441005706787,0.058094095438718796,0.7747412323951721,0.044603798538446426,-0.2580079138278961,0.05650482326745987,0.0018231818685308099,0.0007933531887829304
20260621_200751,0.005,2.5,1,unbiasv2,mlpgmm,2,0.0005,0.08,200000,unbiasv2,1,5000,"[256, 256]","[256, 256]",1,-1.7199798822402954,0.002473716391250491,0.029769480228424072,0.0007859493489377201,1.000311255455017,0.0004410134279169142,0.00032425764948129654,0.0004433311987668276,0.9628216624259949,0.00020906105055473745
20260621_200751,0.005,2.5,1,unbiasv2,mlpgmm,2,0.0005,0.00025,200000,unbiasv2,1,5000,"[256, 256]","[256, 256]",1,-1.7173675298690796,0.002449470106512308,0.034389838576316833,0.000853625126183033,1.0006266832351685,0.0004580190288834274,0.0006269193254411221,0.0004489462880883366,0.961466372013092,0.0002432619803585112
20260621_200751,0.005,2.5,1,unbiasv2,mlpgmm,2,0.0005,0.0008,200000,unbiasv2,1,5000,"[256, 256]","[256, 256]",1,-1.7209711074829102,0.0025006013456732035,0.03472503647208214,0.0008512532222084701,1.000023603439331,0.0004555985506158322,2.0480918465182185e-05,0.0004523569659795612,0.9610966444015503,0.000473369553219527
20260621_200751,0.005,2.5,1,unbiasv2,mlpgmm,2,0.0005,0.008,200000,unbiasv2,1,5000,"[256, 256]","[256, 256]",1,-1.7212183475494385,0.0024463545996695757,0.03391042351722717,0.0008451840258203447,1.0001713037490845,0.000441826821770519,0.00017558535910211504,0.0004453264700714499,0.9618974328041077,0.0002598800347186625
20260621_200750,0.005,0.0025,1,unbiasv2,mlpgmm,2,0.0005,0.08,200000,unbiasv2,1,5000,"[256, 256]","[256, 256]",1,-1.716090440750122,0.003348835976794362,0.184409037232399,0.002479368355125189,1.00261652469635,0.002075978321954608,0.0026835931930691004,0.002038546372205019,0.5468823909759521,0.041713301092386246
20260621_200750,0.005,0.0025,1,unbiasv2,mlpgmm,2,0.0005,0.25,200000,unbiasv2,1,5000,"[256, 256]","[256, 256]",1,-1.716133713722229,0.005198259837925434,0.48890143632888794,0.005234035197645426,0.9868583679199219,0.004516244865953922,-0.013117876835167408,0.004601032007485628,0.1907694935798645,0.022131487727165222
20260621_200751,0.005,2.5,1,unbiasv2,mlpgmm,2,0.0005,0.0025,200000,unbiasv2,1,5000,"[256, 256]","[256, 256]",1,-1.7170722484588623,0.00245152716524899,0.03349941596388817,0.000836490246001631,1.000566840171814,0.0004449364496394992,0.0005768467090092599,0.00044484162935987115,0.9623332023620605,0.00022541526413988322
20260621_200750,0.005,0.0025,1,unbiasv2,mlpgmm,2,0.0005,0.025,200000,unbiasv2,1,5000,"[256, 256]","[256, 256]",1,-1.7166690826416016,0.0027687379624694586,0.06271989643573761,0.0012029580539092422,1.0005849599838257,0.0008440778474323452,0.0005899003590457141,0.0008644165354780853,0.8703766465187073,0.0032091063912957907
20260621_200750,0.005,0.0025,1,unbiasv2,mlpgmm,2,0.0005,0.8,200000,unbiasv2,1,5000,"[256, 256]","[256, 256]",1,-1.7209491729736328,0.01683976501226425,1.305120825767517,0.016843503341078758,0.9547526240348816,0.015848126262426376,-0.04626431316137314,0.01633021980524063,0.01961473748087883,0.004827597644180059
20260621_200750,0.005,0.0025,1,unbiasv2,mlpgmm,2,0.0005,0.0008,200000,unbiasv2,1,5000,"[256, 256]","[256, 256]",1,-1.7215995788574219,0.002479041228070855,0.004867355804890394,0.00030712978332303464,0.9994380474090576,0.0001980307133635506,-0.0005583705496974289,0.00019810696539934725,0.9922327995300293,6.705630948999897e-05
20260621_200750,0.005,0.0025,1,unbiasv2,mlpgmm,2,0.0005,0.008,200000,unbiasv2,1,5000,"[256, 256]","[256, 256]",1,-1.7179296016693115,0.002526729367673397,0.02213618904352188,0.0006743528065271676,1.0003604888916016,0.0004713215457741171,0.00035239619319327176,0.0004626307636499405,0.9586414098739624,0.0003000805154442787
20260621_200750,0.005,0.0025,1,unbiasv2,mlpgmm,2,0.0005,0.00025,200000,unbiasv2,1,5000,"[256, 256]","[256, 256]",1,-1.7235021591186523,0.00256519066169858,0.004105149768292904,0.00029001443181186914,1.0000333786010742,0.00017914002819452435,2.5389479560544714e-05,0.00018139166058972478,0.9935853481292725,0.00037639320362359285
20260621_200750,0.005,0.0025,1,unbiasv2,mlpgmm,2,0.0005,0.0025,200000,unbiasv2,1,5000,"[256, 256]","[256, 256]",1,-1.7253743410110474,0.002552664838731289,0.009053163230419159,0.00042653665877878666,1.000019907951355,0.00028142292285338044,1.5493011233047582e-05,0.0002803857496473938,0.984358012676239,9.95129594230093e-05
20260621_200751,0.005,2.5,1,unbiasv2,mlpgmm,2,0.00025,0.25,200000,unbiasv2,1,5000,"[256, 256]","[256, 256]",1,-1.720743179321289,0.0025757334660738707,0.023050766438245773,0.0006924835033714771,0.9998611211776733,0.0004016410675831139,-0.00013940944336354733,0.00039958333945833147,0.9681829810142517,0.00019106472609564662
20260621_200751,0.005,2.5,1,unbiasv2,mlpgmm,2,0.00025,2.5,200000,unbiasv2,1,5000,"[256, 256]","[256, 256]",1,-1.7227472066879272,0.002767201280221343,0.011139131151139736,0.0004807979566976428,1.0004030466079712,0.0003138431056868285,0.00039980735164135695,0.0003205457760486752,0.9802325963973999,0.0006854781531728804
20260621_200751,0.005,2.5,1,unbiasv2,mlpgmm,2,0.00025,0.8,200000,unbiasv2,1,5000,"[256, 256]","[256, 256]",1,-1.7186784744262695,0.0026488755829632282,0.014625134877860546,0.0005513390060514212,0.9999195337295532,0.00035316203138791025,-8.289260586025193e-05,0.00035074862535111606,0.9759789109230042,0.0007111518061719835
20260621_200751,0.005,2.5,1,unbiasv2,mlpgmm,2,0.00025,0.08,200000,unbiasv2,1,5000,"[256, 256]","[256, 256]",1,-1.7200294733047485,0.002460929099470377,0.029336970299482346,0.000781053735408932,0.9993418455123901,0.0004257482069078833,-0.0006628938717767596,0.0004289996868465096,0.9639177322387695,0.0002024041023105383
20260621_200750,0.005,0.0025,1,unbiasv2,mlpgmm,2,0.00025,0.08,200000,unbiasv2,1,5000,"[256, 256]","[256, 256]",1,-1.7209644317626953,0.003269568784162402,0.18296557664871216,0.002633105730637908,0.9976739883422852,0.00220956071279943,-0.002317356411367655,0.0022413094993680716,0.5128034353256226,0.06892267614603043
20260621_200750,0.005,0.0025,1,unbiasv2,mlpgmm,2,0.00025,0.25,200000,unbiasv2,1,5000,"[256, 256]","[256, 256]",1,-1.7138991355895996,0.006454053334891796,0.5090385675430298,0.006820190232247114,1.0063259601593018,0.006377058569341898,0.006513166707009077,0.006251372862607241,0.11600739508867264,0.020341558381915092
20260621_200750,0.005,0.0025,1,unbiasv2,mlpgmm,2,0.00025,2.5,200000,unbiasv2,1,5000,"[256, 256]","[256, 256]",1,-1.7540878057479858,0.05092427507042885,3.6681642532348633,0.06161745265126228,0.7728214263916016,0.04784971848130226,-0.2589558959007263,0.061609722673892975,0.001739189145155251,0.0011455038329586387
20260621_200750,0.005,0.0025,1,unbiasv2,mlpgmm,2,0.00025,0.8,200000,unbiasv2,1,5000,"[256, 256]","[256, 256]",1,-1.7535290718078613,0.022141151130199432,1.3030370473861694,0.023861294612288475,0.9572540521621704,0.022607548162341118,-0.043563488870859146,0.023355908691883087,0.012302065268158913,0.00815687794238329
20260621_200751,0.005,2.5,1,unbiasv2,mlpgmm,2,0.00025,0.0008,200000,unbiasv2,1,5000,"[256, 256]","[256, 256]",1,-1.7213913202285767,0.0024377836380153894,0.03435252606868744,0.0008511771447956562,0.9996461868286133,0.00043726482545025647,-0.0003492904652375728,0.0004289564094506204,0.9626122713088989,0.000272715202299878
20260621_200751,0.005,2.5,1,unbiasv2,mlpgmm,2,0.00025,0.0025,200000,unbiasv2,1,5000,"[256, 256]","[256, 256]",1,-1.719589352607727,0.002473510103300214,0.033001985400915146,0.0008237441652454436,1.0000301599502563,0.0004309091600589454,2.36040104937274e-05,0.00043616845505312085,0.9634095430374146,0.00023240894370246679
20260621_200751,0.005,2.5,1,unbiasv2,mlpgmm,2,0.00025,0.008,200000,unbiasv2,1,5000,"[256, 256]","[256, 256]",1,-1.725408911705017,0.0024634615983814,0.03314721956849098,0.0008303183130919933,1.0003739595413208,0.0004401375772431493,0.0003561258199624717,0.00043714139610528946,0.9631134271621704,0.00022854306735098362
20260621_200751,0.005,2.5,1,unbiasv2,mlpgmm,2,0.00025,0.025,200000,unbiasv2,1,5000,"[256, 256]","[256, 256]",1,-1.7225595712661743,0.0024407794699072838,0.031882960349321365,0.0008007262949831784,0.9997581839561462,0.0004381195467431098,-0.0002357417979510501,0.0004332031821832061,0.9631568193435669,0.00021772176842205226
20260621_200751,0.005,2.5,1,unbiasv2,mlpgmm,2,0.00025,0.00025,200000,unbiasv2,1,5000,"[256, 256]","[256, 256]",1,-1.7214001417160034,0.0024327340070158243,0.033358171582221985,0.0008374812314286828,1.0002623796463013,0.000436213769717142,0.00027268962003290653,0.00043648979044519365,0.9631796479225159,0.00022492911375593394
20260621_200750,0.005,0.0025,1,unbiasv2,mlpgmm,2,0.00025,0.0025,200000,unbiasv2,1,5000,"[256, 256]","[256, 256]",1,-1.7194026708602905,0.0025313901714980602,0.008756538853049278,0.0004217983514536172,1.0001556873321533,0.00027695379685610533,0.0001576860377099365,0.00027584555209614336,0.9848148226737976,0.00010825072240550071
20260621_200750,0.005,0.0025,1,unbiasv2,mlpgmm,2,0.00025,0.0008,200000,unbiasv2,1,5000,"[256, 256]","[256, 256]",1,-1.7226853370666504,0.0025249372702091932,0.004785624798387289,0.00031002479954622686,0.9999677538871765,0.00019701787095982581,-3.654689862742089e-05,0.00019328099733684212,0.9925746917724609,8.908310701372102e-05
20260621_200750,0.005,0.0025,1,unbiasv2,mlpgmm,2,0.00025,0.008,200000,unbiasv2,1,5000,"[256, 256]","[256, 256]",1,-1.7214407920837402,0.0025748175103217363,0.022258760407567024,0.0006854548119008541,0.9997337460517883,0.0004722422163467854,-0.000268462928943336,0.0004711286455858499,0.9579538702964783,0.0003447024500928819
20260621_200750,0.005,0.0025,1,unbiasv2,mlpgmm,2,0.00025,0.025,200000,unbiasv2,1,5000,"[256, 256]","[256, 256]",1,-1.7238526344299316,0.0027611919213086367,0.06243370100855827,0.0011627285275608301,1.000405192375183,0.0008497976814396679,0.0004037996113765985,0.0008537536486983299,0.8740639686584473,0.0018159851897507906
20260621_200750,0.005,0.0025,1,unbiasv2,mlpgmm,2,0.00025,0.00025,200000,unbiasv2,1,5000,"[256, 256]","[256, 256]",1,-1.7216579914093018,0.0025374952238053083,0.003329784609377384,0.00025940616615116596,1.0000951290130615,0.00015488534700125456,9.586124360794201e-05,0.000159627350512892,0.9950430393218994,0.00010901106725214049
