timestamp_eval,dt_eval,eps_eval,num_noise_eval,integrator_eval,network,L,m2,lambda,dt,eps,bs,integrator,num_noise,n_kernel,n_kernel_bond,n_basis,n_basis_bond,num_boots,logp_avg,logp_err,loss_avg,loss_err,part_avg,part_err,free_avg,free_err,ess_avg,ess_err,susc_avg,susc_err
20260610_151018,0.01,0.0,1,hutch,phi4analytic,8,-4.0,6.008,0.05,0.0,2000,hutch,1,21,20,20,20,2000,-8.609389305114746,0.12050794810056686,-14.629598617553711,0.12399543821811676,79177859072.0,44689997824.0,24.95903968811035,0.5795289874076843,0.0034254707861691713,0.0022730000782757998,0.025164447724819183,0.0007021038327366114
20260610_151018,0.01,0.0,1,hutch,phi4analytic,8,-4.0,6.008,0.02,0.0,2000,hutch,1,21,20,20,20,2000,-7.2868571281433105,0.12317867577075958,-15.67155647277832,0.08127138018608093,1101332736.0,229792048.0,20.802696228027344,0.2098781019449234,0.014885068871080875,0.0070252930745482445,0.024986082687973976,0.0007076860056258738
20260610_151018,0.01,0.0,1,hutch,phi4analytic,8,-4.0,6.008,0.01,0.0,2000,hutch,1,21,20,20,20,2000,-7.010623455047607,0.12286076694726944,-15.938815116882324,0.06400714814662933,199829216.0,35467008.0,19.087610244750977,0.1736842840909958,0.019199196249246597,0.007298765704035759,0.025516344234347343,0.0007165609276853502
20260610_151018,0.01,0.0,1,hutch,phi4analytic,8,-4.0,6.008,0.005,0.0,2000,hutch,1,21,20,20,20,2000,-7.296386241912842,0.11658434569835663,-15.93947982788086,0.04161534085869789,48790620.0,6418781.5,17.69261360168457,0.13158918917179108,0.03415442258119583,0.013708068057894707,0.025760933756828308,0.0007029016269370914
20260610_151018,0.01,0.0,1,hutch,phi4analytic,8,-4.0,6.008,0.002,0.0,2000,hutch,1,21,20,20,20,2000,-7.015970706939697,0.12382617592811584,-15.897029876708984,0.03565353900194168,16993298.0,674630.4375,16.647750854492188,0.041370097547769547,0.23819629848003387,0.033672794699668884,0.02604859136044979,0.0007165945135056973
20260610_151018,0.01,0.0,1,hutch,phi4analytic,8,-4.0,6.008,0.001,0.0,2000,hutch,1,21,20,20,20,2000,-7.256835460662842,0.11595549434423447,-15.897485733032227,0.019634107127785683,11617326.0,252800.234375,16.2675724029541,0.021311914548277855,0.5156760215759277,0.015465827658772469,0.02472417615354061,0.0006913407705724239
20260610_151018,0.01,0.0,1,hutch,phi4analytic,8,-4.0,6.008,0.0005,0.0,2000,hutch,1,21,20,20,20,2000,-7.17523193359375,0.11913082003593445,-15.873331069946289,0.017626013606786728,9991308.0,165947.046875,16.117372512817383,0.01722220703959465,0.6372259259223938,0.01440779585391283,0.026095440611243248,0.0007499901694245636
20260610_151018,0.01,0.0,1,hutch,phi4analytic,8,-4.0,6.008,0.05,0.0,2000,hutch,2,21,20,20,20,2000,-8.616193771362305,0.1203269511461258,-14.549256324768066,0.09264698624610901,6727329280.0,3610490880.0,22.491609573364258,0.5757846236228943,0.003130798926576972,0.0018726260168477893,0.025266099721193314,0.0007149815210141242
20260610_151018,0.01,0.0,1,hutch,phi4analytic,8,-4.0,6.008,0.02,0.0,2000,hutch,2,21,20,20,20,2000,-6.978560924530029,0.11827836185693741,-15.88845157623291,0.05695688724517822,174499536.0,28798904.0,18.967910766601562,0.16571670770645142,0.02105121873319149,0.007045912556350231,0.026636265218257904,0.0007497742190025747
20260610_151018,0.01,0.0,1,hutch,phi4analytic,8,-4.0,6.008,0.01,0.0,2000,hutch,2,21,20,20,20,2000,-7.097805976867676,0.123354472219944,-15.894319534301758,0.04038168117403984,38615688.0,3025642.5,17.4693546295166,0.0757109746336937,0.08369278907775879,0.025976931676268578,0.02615603432059288,0.0007327368366532028
20260610_151018,0.01,0.0,1,hutch,phi4analytic,8,-4.0,6.008,0.05,0.0,2000,hutch,8,21,20,20,20,2000,-8.276375770568848,0.12433823198080063,-14.826926231384277,0.04795060679316521,23134140.0,1999920.875,16.95313835144043,0.08602603524923325,0.06361891329288483,0.0076597752049565315,0.02653552033007145,0.0007493700250051916
20260610_151018,0.01,0.0,1,hutch,phi4analytic,8,-4.0,6.008,0.005,0.0,2000,hutch,8,21,20,20,20,2000,-7.248101234436035,0.12175910174846649,-15.893850326538086,0.019805504009127617,10784194.0,221201.5625,16.193212509155273,0.020191416144371033,0.5519073605537415,0.02459004335105419,0.025042511522769928,0.0007100498187355697
20260610_151018,0.01,0.0,1,hutch,phi4analytic,8,-4.0,6.008,0.02,0.0,2000,hutch,8,21,20,20,20,2000,-7.097751617431641,0.12199246138334274,-15.842323303222656,0.03034660965204239,17715864.0,749339.125,16.69022560119629,0.04177231341600418,0.22442683577537537,0.016378235071897507,0.02563200145959854,0.0007228981121443212
20260610_151018,0.01,0.0,1,hutch,phi4analytic,8,-4.0,6.008,0.001,0.0,2000,hutch,2,21,20,20,20,2000,-7.166306972503662,0.1173122301697731,-15.935832977294922,0.014916054904460907,10488452.0,175224.921875,16.165447235107422,0.01604216918349266,0.6409388780593872,0.011662154458463192,0.025417758151888847,0.0007014748407527804
20260610_151018,0.01,0.0,1,hutch,phi4analytic,8,-4.0,6.008,0.05,0.0,2000,hutch,16,21,20,20,20,2000,-8.341629028320312,0.117781862616539,-14.764793395996094,0.03498987480998039,9386294.0,726363.5,16.051054000854492,0.07932741940021515,0.08159249275922775,0.028046635910868645,0.02653592824935913,0.0007578333024866879
20260610_151018,0.01,0.0,1,hutch,phi4analytic,8,-4.0,6.008,0.02,0.0,2000,hutch,16,21,20,20,20,2000,-7.085948467254639,0.11679086089134216,-15.87906551361084,0.022274624556303024,12565607.0,335931.0625,16.3458309173584,0.026649383828043938,0.4121668338775635,0.022811109200119972,0.026173360645771027,0.0007627018494531512
20260610_151018,0.01,0.0,1,hutch,phi4analytic,8,-4.0,6.008,0.01,0.0,2000,hutch,8,21,20,20,20,2000,-7.324015140533447,0.1198352575302124,-15.87466049194336,0.022382186725735664,12792101.0,349702.125,16.362693786621094,0.027667013928294182,0.39861977100372314,0.01941828802227974,0.02596161887049675,0.0007232590578496456
20260610_151018,0.01,0.0,1,hutch,phi4analytic,8,-4.0,6.008,0.001,0.0,2000,hutch,4,21,20,20,20,2000,-7.141554355621338,0.12812592089176178,-15.870168685913086,0.026922183111310005,9494824.0,139791.203125,16.066373825073242,0.01440278347581625,0.7063350081443787,0.018352355808019638,0.02507476508617401,0.000735521491151303
20260610_151018,0.01,0.0,1,hutch,phi4analytic,8,-4.0,6.008,0.01,0.0,2000,hutch,16,21,20,20,20,2000,-7.254247188568115,0.14137211441993713,-15.838303565979004,0.06332607567310333,11102383.0,217385.1875,16.222450256347656,0.020767711102962494,0.5479719638824463,0.02236305922269821,0.025870010256767273,0.0007015375886112452
20260610_151018,0.01,0.0,1,hutch,phi4analytic,8,-4.0,6.008,0.005,0.0,2000,hutch,2,21,20,20,20,2000,-7.067902565002441,0.12355536222457886,-15.915647506713867,0.03220033645629883,19318490.0,782940.8125,16.775209426879883,0.0414101667702198,0.23780709505081177,0.021417805925011635,0.02670801430940628,0.0007737709092907608
20260610_151018,0.01,0.0,1,hutch,phi4analytic,8,-4.0,6.008,0.005,0.0,2000,hutch,4,21,20,20,20,2000,-7.139437198638916,0.1174081563949585,-15.929861068725586,0.021927641704678535,13107119.0,348364.59375,16.387380599975586,0.025720132514834404,0.4260111153125763,0.019180722534656525,0.025620590895414352,0.0007200001855380833
20260610_151018,0.01,0.0,1,hutch,phi4analytic,8,-4.0,6.008,0.002,0.0,2000,hutch,2,21,20,20,20,2000,-7.017041206359863,0.11868762224912643,-15.925204277038574,0.019865339621901512,12263856.0,308292.9375,16.32136344909668,0.025542136281728745,0.4382694959640503,0.022271020337939262,0.0263324286788702,0.0007164897979237139
20260610_151018,0.01,0.0,1,hutch,phi4analytic,8,-4.0,6.008,0.002,0.0,2000,hutch,4,21,20,20,20,2000,-7.080408573150635,0.11200114339590073,-15.945062637329102,0.015354079194366932,10656058.0,180713.15625,16.181928634643555,0.017230983823537827,0.6251954436302185,0.013974480330944061,0.02540658973157406,0.0007387587102130055
20260610_151018,0.01,0.0,1,hutch,phi4analytic,8,-4.0,6.008,0.002,0.0,2000,hutch,8,21,20,20,20,2000,-7.192903518676758,0.12186922878026962,-15.901601791381836,0.013183621689677238,9456106.0,130292.8984375,16.061859130859375,0.013185054063796997,0.7329665422439575,0.01096283458173275,0.02577800117433071,0.0007179549429565668
20260610_151018,0.01,0.0,1,hutch,phi4analytic,8,-4.0,6.008,0.02,0.0,2000,hutch,4,21,20,20,20,2000,-7.331026554107666,0.11631425470113754,-15.879554748535156,0.041872184723615646,44603828.0,4443634.0,17.606136322021484,0.10214740037918091,0.05415380001068115,0.015845969319343567,0.025126874446868896,0.0007121451781131327
20260610_151018,0.01,0.0,1,hutch,phi4analytic,8,-4.0,6.008,0.01,0.0,2000,hutch,4,21,20,20,20,2000,-7.045072555541992,0.11538942903280258,-15.915692329406738,0.030977467074990273,18561310.0,768804.625,16.736398696899414,0.04158341512084007,0.23806528747081757,0.020699208602309227,0.025458792224526405,0.0007157849613577127
20260610_151018,0.01,0.0,1,hutch,phi4analytic,8,-4.0,6.008,0.005,0.0,2000,hutch,16,21,20,20,20,2000,-7.062204360961914,0.1151440292596817,-15.935954093933105,0.01427982747554779,10084157.0,151653.203125,16.125503540039062,0.015245633199810982,0.6902316808700562,0.01120347622781992,0.026044350117444992,0.0007417628658004105
20260610_151018,0.01,0.0,1,hutch,phi4analytic,8,-4.0,6.008,0.001,0.0,2000,hutch,8,21,20,20,20,2000,-7.163136959075928,0.1198832169175148,-15.894444465637207,0.01147779542952776,9014061.0,99642.3359375,16.013755798339844,0.011010732501745224,0.7989192008972168,0.006698955781757832,0.026466628536581993,0.0007623160490766168
20260610_151018,0.01,0.0,1,hutch,phi4analytic,8,-4.0,6.008,0.002,0.0,2000,hutch,16,21,20,20,20,2000,-7.159226417541504,0.12119998037815094,-15.903477668762207,0.012347481213510036,9100202.0,101751.5078125,16.02389144897461,0.010636137798428535,0.7991423606872559,0.009138815104961395,0.02497408352792263,0.0007180414395406842
20260610_151018,0.01,0.0,1,hutch,phi4analytic,8,-4.0,6.008,0.001,0.0,2000,hutch,16,21,20,20,20,2000,-7.066662311553955,0.11847434937953949,-15.891515731811523,0.011330361478030682,8866839.0,94834.859375,15.997491836547852,0.010788640938699245,0.8130329251289368,0.007443570997565985,0.025861244648694992,0.0007273248047567904
20260610_151018,0.01,0.0,1,hutch,phi4analytic,8,-4.0,6.008,0.0005,0.0,2000,hutch,4,21,20,20,20,2000,-6.884929180145264,0.11707740277051926,-15.911262512207031,0.011259261518716812,9149765.0,102505.78125,16.029617309570312,0.011477704159915447,0.7918754816055298,0.009412892162799835,0.027368927374482155,0.00078291300451383
20260610_151018,0.01,0.0,1,hutch,phi4analytic,8,-4.0,6.008,0.0005,0.0,2000,hutch,2,21,20,20,20,2000,-7.256165504455566,0.11876770853996277,-15.883490562438965,0.01605675369501114,9456231.0,129148.875,16.062685012817383,0.014480414800345898,0.7147163152694702,0.013477721251547337,0.026751745492219925,0.0007645629812031984
20260610_151018,0.01,0.0,1,hutch,phi4analytic,8,-4.0,6.008,0.0005,0.0,2000,hutch,8,21,20,20,20,2000,-6.727735996246338,0.11997730284929276,-15.90438461303711,0.011689930222928524,9027416.0,103983.5078125,16.015300750732422,0.011473337188363075,0.7940863966941833,0.01964058168232441,0.02729576639831066,0.0007271143840625882
20260610_151018,0.01,0.0,1,hutch,phi4analytic,8,-4.0,6.008,0.0005,0.0,2000,hutch,16,21,20,20,20,2000,-6.930027484893799,0.11877463757991791,-15.894590377807617,0.016911983489990234,8852248.0,86179.875,15.996206283569336,0.009736450389027596,0.8397570252418518,0.007884187623858452,0.02631872333586216,0.0007350142695941031
20260610_151018,0.01,0.0,1,hutch,phi4analytic,8,-4.0,6.008,0.005,0.0,2000,hutch,32,21,20,20,20,2000,-7.1580657958984375,0.11902491003274918,-15.876317024230957,0.01850752905011177,9107194.0,107982.6875,16.02435302734375,0.012129255570471287,0.7718363404273987,0.009033143520355225,0.026285599917173386,0.0007284930907189846
20260610_151018,0.01,0.0,1,hutch,phi4analytic,8,-4.0,6.008,0.02,0.0,2000,hutch,32,21,20,20,20,2000,-6.884695529937744,0.1184794083237648,-15.895330429077148,0.017241761088371277,10578207.0,201515.984375,16.174463272094727,0.018990829586982727,0.5809186697006226,0.030431455001235008,0.02662622556090355,0.0007210530457086861
20260610_151018,0.01,0.0,1,hutch,phi4analytic,8,-4.0,6.008,0.05,0.0,2000,hutch,32,21,20,20,20,2000,-8.496158599853516,0.1227322518825531,-14.72641658782959,0.02745721861720085,4915301.5,162283.59375,15.40649700164795,0.03238151967525482,0.3231944143772125,0.0143040856346488,0.026356004178524017,0.0007737131672911346
20260610_151018,0.01,0.0,1,hutch,phi4analytic,8,-4.0,6.008,0.01,0.0,2000,hutch,32,21,20,20,20,2000,-7.016699314117432,0.12452242523431778,-15.8766508102417,0.02958786115050316,9669852.0,146201.34375,16.08500099182129,0.014876208268105984,0.6956889033317566,0.011679052375257015,0.02604605071246624,0.0007394018466584384
20260610_151018,0.01,0.0,1,hutch,phi4analytic,8,-4.0,6.008,0.002,0.0,2000,hutch,32,21,20,20,20,2000,-7.229738712310791,0.11797840148210526,-15.908198356628418,0.012229438871145248,9060184.0,100781.984375,16.019248962402344,0.010468803346157074,0.812463641166687,0.006977564189583063,0.025836104527115822,0.0007037214818410575
20260610_151018,0.01,0.0,1,hutch,phi4analytic,8,-4.0,6.008,0.02,0.0,2000,hutch,64,21,20,20,20,2000,-7.184226036071777,0.11490598320960999,-15.870278358459473,0.014975502155721188,9434827.0,140261.609375,16.058917999267578,0.014745848253369331,0.6967051029205322,0.01297883503139019,0.026113372296094894,0.0007501457002945244
20260610_151018,0.01,0.0,1,hutch,phi4analytic,8,-4.0,6.008,0.05,0.0,2000,hutch,64,21,20,20,20,2000,-8.099815368652344,0.1249161958694458,-14.803885459899902,0.0226924829185009,4235794.5,105182.2265625,15.258813858032227,0.024817992001771927,0.436533123254776,0.022247007116675377,0.02665696293115616,0.0007796169375069439
20260610_151018,0.01,0.0,1,hutch,phi4analytic,8,-4.0,6.008,0.005,0.0,2000,hutch,64,21,20,20,20,2000,-7.080470085144043,0.11728987097740173,-15.902934074401855,0.011383420787751675,8972315.0,93928.6796875,16.009851455688477,0.010593893937766552,0.81912761926651,0.006826462689787149,0.025659622624516487,0.0007154454360716045
20260610_151018,0.01,0.0,1,hutch,phi4analytic,8,-4.0,6.008,0.001,0.0,2000,hutch,32,21,20,20,20,2000,-7.077546119689941,0.12379084527492523,-15.88807487487793,0.02395188994705677,8996602.0,90103.78125,16.01224136352539,0.010171627625823021,0.8316437602043152,0.00807763822376728,0.026072246953845024,0.0007221022387966514
20260610_151018,0.01,0.0,1,hutch,phi4analytic,8,-4.0,6.008,0.01,0.0,2000,hutch,64,21,20,20,20,2000,-7.181950569152832,0.11769551038742065,-15.903665542602539,0.01187125127762556,9173657.0,107722.703125,16.031484603881836,0.012029369361698627,0.7775920629501343,0.011126257479190826,0.026457663625478745,0.0007511416333727539
20260610_151018,0.01,0.0,1,hutch,phi4analytic,8,-4.0,6.008,0.002,0.0,2000,hutch,64,21,20,20,20,2000,-7.372336387634277,0.1183285340666771,-15.883810997009277,0.01723361760377884,8813675.0,86151.8828125,15.991769790649414,0.00989645067602396,0.8341257572174072,0.00929776206612587,0.025288952514529228,0.0006889221258461475
20260610_151018,0.01,0.0,1,hutch,phi4analytic,8,-4.0,6.008,0.0005,0.0,2000,hutch,32,21,20,20,20,2000,-7.0245537757873535,0.11862965673208237,-15.91476821899414,0.009629050269722939,8901725.0,88038.8125,16.001684188842773,0.009798038750886917,0.835921585559845,0.009752823039889336,0.0259102750569582,0.0007509271381422877
20260610_151018,0.01,0.0,1,hutch,phi4analytic,8,-4.0,6.008,0.05,0.0,2000,fp,32,21,20,20,20,2000,-8.428486824035645,0.126227468252182,-11.561447143554688,0.03932460397481918,435872.15625,53095.23828125,12.978211402893066,0.1180560514330864,0.04725388437509537,0.02710224874317646,0.02620629593729973,0.0007419631583616138
20260610_151018,0.01,0.0,1,hutch,phi4analytic,8,-4.0,6.008,0.02,0.0,2000,fp,32,21,20,20,20,2000,-7.019423961639404,0.11798136681318283,-15.61847972869873,0.025397643446922302,8698054.0,196567.78125,15.977511405944824,0.022773748263716698,0.5013868808746338,0.021340643987059593,0.02538161538541317,0.0007147553260438144
20260610_151018,0.01,0.0,1,hutch,phi4analytic,8,-4.0,6.008,0.01,0.0,2000,fp,32,21,20,20,20,2000,-7.109466552734375,0.11647595465183258,-15.788629531860352,0.02240494079887867,8809164.0,131742.453125,15.991416931152344,0.01493105199187994,0.7016610503196716,0.01261311024427414,0.02538377046585083,0.0007192472694441676
20260610_151018,0.01,0.0,1,hutch,phi4analytic,8,-4.0,6.008,0.005,0.0,2000,fp,32,21,20,20,20,2000,-7.134219646453857,0.12430816143751144,-15.849204063415527,0.01573321595788002,8857542.0,109507.7421875,15.996573448181152,0.012501013465225697,0.7686823010444641,0.010231592692434788,0.026669668033719063,0.000748925085645169
20260610_151018,0.01,0.0,1,hutch,phi4analytic,8,-4.0,6.008,0.001,0.0,2000,hutch,64,21,20,20,20,2000,-7.129286766052246,0.12126152962446213,-15.8905029296875,0.010019560344517231,8686274.0,83944.3046875,15.97677993774414,0.009729530662298203,0.8433016538619995,0.007768779527395964,0.025669587776064873,0.0007521472289226949
20260610_151018,0.01,0.0,1,hutch,phi4analytic,8,-4.0,6.008,0.002,0.0,2000,fp,32,21,20,20,20,2000,-7.298919200897217,0.11512318253517151,-15.884014129638672,0.009818603284657001,8692136.0,88565.609375,15.977805137634277,0.009977009147405624,0.8341927528381348,0.005571762565523386,0.025363720953464508,0.0007187483715824783
20260610_151018,0.01,0.0,1,hutch,phi4analytic,8,-4.0,6.008,0.001,0.0,2000,fp,32,21,20,20,20,2000,-7.283380031585693,0.12228534370660782,-15.868897438049316,0.01158805750310421,8602119.0,87775.328125,15.966961860656738,0.01017761044204235,0.8264033794403076,0.009300475008785725,0.02616761438548565,0.0007339424919337034
20260610_151018,0.01,0.0,1,hutch,phi4analytic,8,-4.0,6.008,0.0005,0.0,2000,fp,32,21,20,20,20,2000,-7.325118541717529,0.11488977074623108,-15.894137382507324,0.00955780316144228,8676841.0,79489.171875,15.976273536682129,0.009067199192941189,0.8586477637290955,0.005176807753741741,0.025785302743315697,0.0007217680686153471
20260610_151018,0.01,0.0,1,hutch,phi4analytic,8,-4.0,6.008,0.0005,0.0,2000,hutch,64,21,20,20,20,2000,-7.253152370452881,0.11803621798753738,-15.899529457092285,0.011957786977291107,8835050.0,88081.8828125,15.994302749633789,0.009476839564740658,0.843784749507904,0.007869308814406395,0.02497955784201622,0.0007169958553276956
20260610_151018,0.01,0.0,1,hutch,phi4analytic,8,-4.0,6.008,0.02,0.0,2000,fp,16,21,20,20,20,2000,-7.308809757232666,0.12203093618154526,-15.364805221557617,0.023467445746064186,8362465.5,267997.4375,15.937862396240234,0.03168392926454544,0.3352200388908386,0.020181337371468544,0.024340586736798286,0.0007042302167974412
20260610_151018,0.01,0.0,1,hutch,phi4analytic,8,-4.0,6.008,0.02,0.0,2000,fp,8,21,20,20,20,2000,-6.977549076080322,0.12409301102161407,-14.878813743591309,0.032944586127996445,7481590.0,383108.90625,15.82612419128418,0.05118624493479729,0.166171133518219,0.025400258600711823,0.026668855920433998,0.0007441657944582403
20260610_151018,0.01,0.0,1,hutch,phi4analytic,8,-4.0,6.008,0.05,0.0,2000,fp,16,21,20,20,20,2000,-8.226359367370605,0.1283436417579651,-10.807961463928223,0.04958631470799446,415040.09375,73236.5390625,12.910795211791992,0.1751556396484375,0.022895215079188347,0.014156132005155087,0.026529863476753235,0.0007221784326247871
20260610_151018,0.01,0.0,1,hutch,phi4analytic,8,-4.0,6.008,0.05,0.0,2000,fp,8,21,20,20,20,2000,-8.310256004333496,0.12984663248062134,-9.886468887329102,0.04953297600150108,415473.5625,122971.4921875,12.906158447265625,0.29493382573127747,0.01240130141377449,0.010107520967721939,0.026548046618700027,0.0007605607388541102
20260610_151018,0.01,0.0,1,hutch,phi4analytic,8,-4.0,6.008,0.01,0.0,2000,fp,4,21,20,20,20,2000,-7.45162296295166,0.11687206476926804,-15.15507698059082,0.030743401497602463,9661922.0,433496.78125,16.083614349365234,0.04548915475606918,0.19679072499275208,0.017809603363275528,0.025451820343732834,0.0007058756309561431
20260610_151018,0.01,0.0,1,hutch,phi4analytic,8,-4.0,6.008,0.01,0.0,2000,fp,16,21,20,20,20,2000,-7.347384929656982,0.12075444310903549,-15.670754432678223,0.02012588270008564,8507846.0,159126.953125,15.956748008728027,0.0186834167689085,0.5923559665679932,0.014425350353121758,0.024837017059326172,0.0007203610730357468
20260610_151018,0.01,0.0,1,hutch,phi4analytic,8,-4.0,6.008,0.005,0.0,2000,fp,8,21,20,20,20,2000,-7.160665512084961,0.11574510484933853,-15.685502052307129,0.016549943014979362,8444691.0,151912.859375,15.948690414428711,0.01773710735142231,0.6094627976417542,0.014548767358064651,0.02552088350057602,0.0006878012791275978
20260610_151018,0.01,0.0,1,hutch,phi4analytic,8,-4.0,6.008,0.005,0.0,2000,fp,4,21,20,20,20,2000,-7.162113666534424,0.11736977100372314,-15.510917663574219,0.021841900423169136,8602817.0,231098.03125,15.968862533569336,0.02625340223312378,0.41689449548721313,0.02371378242969513,0.025465790182352066,0.0007326723425649107
20260610_151018,0.01,0.0,1,hutch,phi4analytic,8,-4.0,6.008,0.005,0.0,2000,fp,16,21,20,20,20,2000,-7.283139228820801,0.11783402413129807,-15.80104923248291,0.014838623814284801,8687737.0,119924.515625,15.9765625,0.014074807986617088,0.7157991528511047,0.015868663787841797,0.025935843586921692,0.0007182683330029249
20260610_151018,0.01,0.0,1,hutch,phi4analytic,8,-4.0,6.008,0.01,0.0,2000,fp,8,21,20,20,20,2000,-7.057835102081299,0.1140039935708046,-15.490482330322266,0.023530950769782066,8866110.0,247890.78125,15.998186111450195,0.028725486248731613,0.3897002637386322,0.0199273694306612,0.025500105693936348,0.0007175482460297644
20260610_151018,0.01,0.0,1,hutch,phi4analytic,8,-4.0,6.008,0.05,0.0,2000,fp,1,21,20,20,20,2000,-8.203773498535156,0.1265270859003067,-2.025826930999756,0.1070416048169136,439682.84375,307397.9375,12.647359848022461,0.9387419819831848,0.001776516786776483,0.001496763783507049,0.02775091864168644,0.0007695599924772978
20260610_151018,0.01,0.0,1,hutch,phi4analytic,8,-4.0,6.008,0.02,0.0,2000,fp,1,21,20,20,20,2000,-7.262423038482666,0.1189909428358078,-10.446842193603516,0.07684115320444107,4246967.5,883515.0625,15.249594688415527,0.20268963277339935,0.012579628266394138,0.0023924587294459343,0.024653654545545578,0.000705669226590544
20260610_151018,0.01,0.0,1,hutch,phi4analytic,8,-4.0,6.008,0.05,0.0,2000,fp,4,21,20,20,20,2000,-8.453752517700195,0.12476741522550583,-8.242019653320312,0.06374095380306244,230840.296875,56804.46484375,12.333967208862305,0.2324768304824829,0.010786409489810467,0.003962493967264891,0.026662491261959076,0.0007541266968473792
20260610_151018,0.01,0.0,1,hutch,phi4analytic,8,-4.0,6.008,0.01,0.0,2000,fp,1,21,20,20,20,2000,-7.133229732513428,0.1194484680891037,-13.023672103881836,0.055002715438604355,10095281.0,2187449.75,16.103775024414062,0.21286055445671082,0.019359035417437553,0.012721442617475986,0.025508813560009003,0.0007321836892515421
20260610_151018,0.01,0.0,1,hutch,phi4analytic,8,-4.0,6.008,0.05,0.0,2000,fp,2,21,20,20,20,2000,-8.31147289276123,0.12337508052587509,-5.856987476348877,0.08130785822868347,908760.375,829648.75,13.196624755859375,1.2203013896942139,0.002570962533354759,0.0030208586249500513,0.02592490427196026,0.0007213081698864698
20260610_151018,0.01,0.0,1,hutch,phi4analytic,8,-4.0,6.008,0.02,0.0,2000,fp,4,21,20,20,20,2000,-7.311569690704346,0.12168033421039581,-14.215564727783203,0.041513193398714066,10622639.0,2134704.75,16.15599250793457,0.1987251490354538,0.022460008040070534,0.01649540290236473,0.025593789294362068,0.0007824578206054866
20260610_151018,0.01,0.0,1,hutch,phi4analytic,8,-4.0,6.008,0.002,0.0,2000,fp,8,21,20,20,20,2000,-7.152683734893799,0.1215367391705513,-15.843828201293945,0.012644387781620026,8877040.0,117766.5390625,15.999283790588379,0.013437925837934017,0.7385020852088928,0.008651564829051495,0.02554037980735302,0.0007142145186662674
20260610_151018,0.01,0.0,1,hutch,phi4analytic,8,-4.0,6.008,0.01,0.0,2000,fp,2,21,20,20,20,2000,-7.031260013580322,0.11724743992090225,-14.412004470825195,0.040045179426670074,9305379.0,1037221.3125,16.040756225585938,0.10949762910604477,0.0544198639690876,0.02814878523349762,0.02634645253419876,0.0007493392913602293
20260610_151018,0.01,0.0,1,hutch,phi4analytic,8,-4.0,6.008,0.02,0.0,2000,fp,2,21,20,20,20,2000,-7.160773277282715,0.12120354175567627,-12.730071067810059,0.0585225373506546,20282344.0,14396110.0,16.572860717773438,0.7765060663223267,0.008730201050639153,0.011386497877538204,0.02629544585943222,0.0007373637054115534
20260610_151018,0.01,0.0,1,hutch,phi4analytic,8,-4.0,6.008,0.005,0.0,2000,fp,2,21,20,20,20,2000,-7.264997482299805,0.20733533799648285,-14.99187183380127,0.1744605451822281,8908854.0,406421.15625,16.002347946166992,0.04533613100647926,0.1991223245859146,0.02335340529680252,0.025909680873155594,0.0007122340612113476
20260610_151018,0.01,0.0,1,hutch,phi4analytic,8,-4.0,6.008,0.002,0.0,2000,fp,4,21,20,20,20,2000,-7.306117057800293,0.11446923762559891,-15.748973846435547,0.016472142189741135,8788769.0,150834.984375,15.988482475280762,0.016954762861132622,0.6339912414550781,0.013752995058894157,0.025012150406837463,0.0006997878663241863
20260610_151018,0.01,0.0,1,hutch,phi4analytic,8,-4.0,6.008,0.002,0.0,2000,fp,16,21,20,20,20,2000,-6.909416675567627,0.11565974354743958,-15.868142127990723,0.011053474619984627,8784825.0,106349.09375,15.988348007202148,0.011830122210085392,0.7777431011199951,0.010402400977909565,0.026125077158212662,0.000739085313398391
20260610_151018,0.01,0.0,1,hutch,phi4analytic,8,-4.0,6.008,0.002,0.0,2000,fp,2,21,20,20,20,2000,-7.259592056274414,0.13408517837524414,-15.54885482788086,0.05885879322886467,8862952.0,209305.015625,15.997194290161133,0.023108866065740585,0.48553627729415894,0.016185777261853218,0.02591226063668728,0.0007596747018396854
20260610_151018,0.01,0.0,1,hutch,phi4analytic,8,-4.0,6.008,0.001,0.0,2000,fp,16,21,20,20,20,2000,-7.231781482696533,0.1214047446846962,-15.842409133911133,0.025976987555623055,8613119.0,88417.625,15.968579292297363,0.010613629594445229,0.8240771889686584,0.006415966432541609,0.02572730928659439,0.0007571001769974828
20260610_151018,0.01,0.0,1,hutch,phi4analytic,8,-4.0,6.008,0.001,0.0,2000,fp,4,21,20,20,20,2000,-7.010464191436768,0.11722110211849213,-15.869078636169434,0.012353501282632351,8995101.0,113516.0234375,16.012357711791992,0.012706085108220577,0.7548210620880127,0.01241336204111576,0.02663448080420494,0.0007745081675238907
20260610_151018,0.01,0.0,1,hutch,phi4analytic,8,-4.0,6.008,0.001,0.0,2000,fp,8,21,20,20,20,2000,-7.001425266265869,0.11415552347898483,-15.87318229675293,0.010468571446835995,8737593.0,98046.203125,15.98283576965332,0.01130952313542366,0.7998085021972656,0.008383743464946747,0.026147622615098953,0.0007400925387628376
20260610_151018,0.01,0.0,1,hutch,phi4analytic,8,-4.0,6.008,0.001,0.0,2000,fp,2,21,20,20,20,2000,-7.076284885406494,0.12052144855260849,-15.722526550292969,0.019257957115769386,8489362.0,136462.078125,15.95499324798584,0.015824241563677788,0.657157838344574,0.010713162831962109,0.02704812027513981,0.0007457832107320428
20260610_151018,0.01,0.0,1,hutch,phi4analytic,8,-4.0,6.008,0.005,0.0,2000,fp,1,21,20,20,20,2000,-7.21075439453125,0.11563771963119507,-14.401772499084473,0.04070987179875374,9214251.0,618300.75,16.029447555541992,0.06639604270458221,0.10206224769353867,0.011221148073673248,0.025896795094013214,0.0007589315064251423
20260610_151018,0.01,0.0,1,hutch,phi4analytic,8,-4.0,6.008,0.0005,0.0,2000,fp,4,21,20,20,20,2000,-7.186689853668213,0.11327867209911346,-15.863991737365723,0.011596142314374447,8772586.0,109887.9453125,15.987323760986328,0.012623199261724949,0.7654640078544617,0.02053956873714924,0.026043623685836792,0.00074516556924209
20260610_151018,0.01,0.0,1,hutch,phi4analytic,8,-4.0,6.008,0.0005,0.0,2000,fp,2,21,20,20,20,2000,-7.124966621398926,0.11811533570289612,-15.817734718322754,0.013721580617129803,8783115.0,126061.5078125,15.988938331604004,0.014279724098742008,0.7095181345939636,0.01636660099029541,0.02680112235248089,0.0007112041348591447
20260610_151018,0.01,0.0,1,hutch,phi4analytic,8,-4.0,6.008,0.002,0.0,2000,fp,1,21,20,20,20,2000,-7.106109142303467,0.11410592496395111,-15.343059539794922,0.025044171139597893,8697418.0,270755.28125,15.978290557861328,0.032063379883766174,0.3340338170528412,0.018488848581910133,0.024665798991918564,0.0007062767399474978
20260610_151018,0.01,0.0,1,hutch,phi4analytic,8,-4.0,6.008,0.0005,0.0,2000,fp,8,21,20,20,20,2000,-7.313562870025635,0.11798108369112015,-15.8785400390625,0.010235236026346684,8703806.0,90101.484375,15.978927612304688,0.01063274685293436,0.82011878490448,0.008593568578362465,0.025751939043402672,0.0007133734179660678
20260610_151018,0.01,0.0,1,hutch,phi4analytic,8,-4.0,6.008,0.0005,0.0,2000,fp,16,21,20,20,20,2000,-7.296111583709717,0.11779079586267471,-15.89406967163086,0.010094651952385902,8797674.0,93477.4921875,15.990053176879883,0.010791926644742489,0.8183808922767639,0.00904336478561163,0.025890298187732697,0.0007355308043770492
20260610_151018,0.01,0.0,1,hutch,phi4analytic,8,-4.0,6.008,0.001,0.0,2000,fp,1,21,20,20,20,2000,-7.050899028778076,0.11674116551876068,-15.604076385498047,0.019323065876960754,8659995.0,196902.1875,15.9750394821167,0.02355227619409561,0.4833856523036957,0.02533373236656189,0.02640233002603054,0.0007278393604792655
20260610_151018,0.01,0.0,1,hutch,phi4analytic,8,-4.0,6.008,0.0005,0.0,2000,fp,1,21,20,20,20,2000,-7.231261253356934,0.12015599757432938,-15.74191665649414,0.014737803488969803,8530107.0,142759.28125,15.958381652832031,0.016615401953458786,0.6422684192657471,0.019217537716031075,0.026765407994389534,0.0007784233894199133
20260610_151002,0.0025,0.00125,1,unbiasv2,phi4analytic,8,-4.0,6.008,0.05,0.0,2000,fp,1,21,20,20,20,2000,-6.81196403503418,0.13044437766075134,-14.530017852783203,0.058638036251068115,8030602.0,457952.6875,15.895277976989746,0.05783699452877045,0.13407300412654877,0.014019086956977844,0.02516827918589115,0.0007170255412347615
20260610_151002,0.0025,0.00125,1,unbiasv2,phi4analytic,8,-4.0,6.008,0.02,0.0,2000,fp,1,21,20,20,20,2000,-6.644046783447266,0.11797644197940826,-15.294461250305176,0.028468312695622444,8247784.5,273265.53125,15.92313289642334,0.03203163295984268,0.32468628883361816,0.018587978556752205,0.02591281570494175,0.0007141658570617437
20260610_151002,0.0025,0.00125,1,unbiasv2,phi4analytic,8,-4.0,6.008,0.01,0.0,2000,fp,1,21,20,20,20,2000,-6.674185276031494,0.11726919561624527,-15.577961921691895,0.02105214260518551,8499452.0,205980.921875,15.955696105957031,0.024391259998083115,0.46069100499153137,0.04691038653254509,0.02680622600018978,0.000723639561329037
20260610_151002,0.0025,0.00125,1,unbiasv2,phi4analytic,8,-4.0,6.008,0.005,0.0,2000,fp,1,21,20,20,20,2000,-6.79771089553833,0.11770281195640564,-15.748391151428223,0.02063697762787342,8842939.0,148688.609375,15.995660781860352,0.0167816411703825,0.6369583010673523,0.01541145984083414,0.02715841494500637,0.000768015393987298
20260610_151002,0.0025,0.00125,1,unbiasv2,phi4analytic,8,-4.0,6.008,0.002,0.0,2000,fp,1,21,20,20,20,2000,-6.653944492340088,0.1260652393102646,-15.804427146911621,0.04340744391083717,8873151.0,109730.8828125,15.998041152954102,0.012576133012771606,0.7630647420883179,0.008620253764092922,0.02657337859272957,0.000724657962564379
20260610_151002,0.0025,0.00125,1,unbiasv2,phi4analytic,8,-4.0,6.008,0.001,0.0,2000,fp,1,21,20,20,20,2000,-6.619678020477295,0.11681921780109406,-15.853480339050293,0.015538542531430721,8719246.0,95748.8671875,15.981196403503418,0.0110735222697258,0.8095088601112366,0.006226200144737959,0.02674655057489872,0.0007480877102352679
20260610_151002,0.0025,0.00125,1,unbiasv2,phi4analytic,8,-4.0,6.008,0.05,0.0,2000,fp,2,21,20,20,20,2000,-6.656938076019287,0.12139241397380829,-15.201662063598633,0.0310699213296175,8905432.0,338426.71875,16.00164222717285,0.038162730634212494,0.2609395384788513,0.016968894749879837,0.027884194627404213,0.0007660661940462887
20260610_151002,0.0025,0.00125,1,unbiasv2,phi4analytic,8,-4.0,6.008,0.02,0.0,2000,fp,4,21,20,20,20,2000,-6.809614658355713,0.1155204325914383,-15.720771789550781,0.01820327155292034,8536335.0,140502.8125,15.95983600616455,0.016680395230650902,0.6471920013427734,0.014613330364227295,0.025614487007260323,0.0007444329676218331
20260610_151002,0.0025,0.00125,1,unbiasv2,phi4analytic,8,-4.0,6.008,0.05,0.0,2000,fp,8,21,20,20,20,2000,-6.651528835296631,0.14144445955753326,-15.601926803588867,0.0749046802520752,8694834.0,169134.640625,15.978578567504883,0.019283266738057137,0.5647144913673401,0.023495061323046684,0.026991674676537514,0.0007545812986791134
20260610_151002,0.0025,0.00125,1,unbiasv2,phi4analytic,8,-4.0,6.008,0.01,0.0,2000,fp,2,21,20,20,20,2000,-6.939996242523193,0.12282313406467438,-15.695412635803223,0.02626946195960045,8734006.0,146202.8125,15.982149124145508,0.01748507283627987,0.6325897574424744,0.012617156840860844,0.02584589459002018,0.0007015869487076998
20260610_151002,0.0025,0.00125,1,unbiasv2,phi4analytic,8,-4.0,6.008,0.02,0.0,2000,fp,8,21,20,20,20,2000,-7.035179138183594,0.11539853364229202,-15.802206039428711,0.013460658490657806,8616481.0,114813.453125,15.968365669250488,0.013380908407270908,0.7339422702789307,0.015570309944450855,0.02509455196559429,0.0007169479504227638
20260610_151002,0.0025,0.00125,1,unbiasv2,phi4analytic,8,-4.0,6.008,0.02,0.0,2000,fp,2,21,20,20,20,2000,-6.8668999671936035,0.12263722717761993,-15.603362083435059,0.029607579112052917,8839832.0,194338.859375,15.994990348815918,0.021700967103242874,0.5071715712547302,0.02226308546960354,0.0256143007427454,0.0007099611102603376
20260610_151002,0.0025,0.00125,1,unbiasv2,phi4analytic,8,-4.0,6.008,0.01,0.0,2000,fp,4,21,20,20,20,2000,-6.784305572509766,0.11879338324069977,-15.801736831665039,0.019080335274338722,8728251.0,111938.0,15.982210159301758,0.01257552020251751,0.7503263354301453,0.008379556238651276,0.02616497129201889,0.0007400558679364622
20260610_151002,0.0025,0.00125,1,unbiasv2,phi4analytic,8,-4.0,6.008,0.005,0.0,2000,fp,2,21,20,20,20,2000,-6.798753261566162,0.12563124299049377,-15.801260948181152,0.02747661992907524,8867226.0,119346.15625,15.998025894165039,0.013652138411998749,0.7350056767463684,0.01254286989569664,0.02598399855196476,0.0007379974122159183
20260610_151002,0.0025,0.00125,1,unbiasv2,phi4analytic,8,-4.0,6.008,0.05,0.0,2000,fp,4,21,20,20,20,2000,-6.725983619689941,0.12198427319526672,-15.492147445678711,0.026814254000782967,8401067.0,221439.96875,15.944764137268066,0.026719117537140846,0.42479002475738525,0.051549214869737625,0.026997484266757965,0.0007327189669013023
20260610_151002,0.0025,0.00125,1,unbiasv2,phi4analytic,8,-4.0,6.008,0.005,0.0,2000,fp,4,21,20,20,20,2000,-6.968621730804443,0.12175557017326355,-15.83637809753418,0.020614881068468094,8811800.0,105261.734375,15.990887641906738,0.011602760292589664,0.7867728471755981,0.00893695279955864,0.02509842813014984,0.0007363840704783797
20260610_151002,0.0025,0.00125,1,unbiasv2,phi4analytic,8,-4.0,6.008,0.01,0.0,2000,fp,8,21,20,20,20,2000,-6.662827491760254,0.11899843066930771,-15.826737403869629,0.022623565047979355,8680385.0,101402.5234375,15.976801872253418,0.011322901584208012,0.7938029170036316,0.01025915052741766,0.02665163017809391,0.0007346581551246345
20260610_151002,0.0025,0.00125,1,unbiasv2,phi4analytic,8,-4.0,6.008,0.005,0.0,2000,fp,8,21,20,20,20,2000,-6.901658535003662,0.12431534379720688,-15.825088500976562,0.02628146857023239,8715025.0,89320.734375,15.980317115783691,0.010566355660557747,0.8213982582092285,0.006181437987834215,0.025843413546681404,0.0007347667124122381
20260610_151002,0.0025,0.00125,1,unbiasv2,phi4analytic,8,-4.0,6.008,0.05,0.0,2000,fp,16,21,20,20,20,2000,-6.821595191955566,0.12239409238100052,-15.718531608581543,0.033066753298044205,8541619.0,125844.015625,15.96059513092041,0.015095364302396774,0.6804214715957642,0.012999881990253925,0.026353459805250168,0.0007103661191649735
20260610_151002,0.0025,0.00125,1,unbiasv2,phi4analytic,8,-4.0,6.008,0.02,0.0,2000,fp,16,21,20,20,20,2000,-6.761791706085205,0.13529141247272491,-15.764039993286133,0.06525541096925735,8704363.0,105802.2578125,15.979757308959961,0.012205072678625584,0.7730903029441833,0.015087616629898548,0.025274628773331642,0.000727956008631736
20260610_151002,0.0025,0.00125,1,unbiasv2,phi4analytic,8,-4.0,6.008,0.002,0.0,2000,fp,2,21,20,20,20,2000,-6.662845134735107,0.13847589492797852,-15.788211822509766,0.0722038522362709,8793912.0,99150.125,15.98956298828125,0.011107856407761574,0.7986258864402771,0.008038513362407684,0.02700209803879261,0.0007424828945659101
20260610_151002,0.0025,0.00125,1,unbiasv2,phi4analytic,8,-4.0,6.008,0.01,0.0,2000,fp,16,21,20,20,20,2000,-6.822578430175781,0.12195780128240585,-15.84272289276123,0.020486999303102493,8761145.0,94645.7734375,15.9859037399292,0.011004860512912273,0.8087766170501709,0.008992716670036316,0.025701113045215607,0.0007375013665296137
20260610_151002,0.0025,0.00125,1,unbiasv2,phi4analytic,8,-4.0,6.008,0.005,0.0,2000,fp,16,21,20,20,20,2000,-6.897525787353516,0.11778979748487473,-15.847146034240723,0.020543646067380905,8777960.0,84337.2578125,15.987773895263672,0.00982004962861538,0.8394673466682434,0.005730750970542431,0.025731898844242096,0.0007127871504053473
20260610_151002,0.0025,0.00125,1,unbiasv2,phi4analytic,8,-4.0,6.008,0.002,0.0,2000,fp,8,21,20,20,20,2000,-6.708676338195801,0.11825579404830933,-15.866662979125977,0.022800635546445847,8953807.0,95422.421875,16.00749969482422,0.010616828687489033,0.81634122133255,0.008918979205191135,0.026476897299289703,0.0007221814594231546
20260610_151002,0.0025,0.00125,1,unbiasv2,phi4analytic,8,-4.0,6.008,0.002,0.0,2000,fp,4,21,20,20,20,2000,-6.787141799926758,0.12121034413576126,-15.830613136291504,0.03502023592591286,8873991.0,91966.1015625,15.998825073242188,0.010662825778126717,0.8158376812934875,0.007978798821568489,0.024927586317062378,0.00072172109503299
20260610_151002,0.0025,0.00125,1,unbiasv2,phi4analytic,8,-4.0,6.008,0.002,0.0,2000,fp,16,21,20,20,20,2000,-6.914850234985352,0.13078762590885162,-15.845359802246094,0.04211635887622833,8860451.0,86201.46875,15.997097969055176,0.009888431057333946,0.8367702960968018,0.006700256839394569,0.02576492354273796,0.0007181679829955101
20260610_151002,0.0025,0.00125,1,unbiasv2,phi4analytic,8,-4.0,6.008,0.001,0.0,2000,fp,16,21,20,20,20,2000,-6.676722526550293,0.11516078561544418,-15.872002601623535,0.017784615978598595,8772234.0,84635.3359375,15.986922264099121,0.009458587504923344,0.8463221788406372,0.005518721416592598,0.025895437225699425,0.0007191177573986351
20260610_151002,0.0025,0.00125,1,unbiasv2,phi4analytic,8,-4.0,6.008,0.001,0.0,2000,fp,8,21,20,20,20,2000,-7.034282684326172,0.11571293324232101,-15.87816333770752,0.016868630424141884,8825293.0,85229.71875,15.992932319641113,0.009642119519412518,0.8409424424171448,0.006678445730358362,0.02492828480899334,0.0006903341854922473
20260610_151002,0.0025,0.00125,1,unbiasv2,phi4analytic,8,-4.0,6.008,0.001,0.0,2000,fp,2,21,20,20,20,2000,-6.523063659667969,0.11833635717630386,-15.855148315429688,0.01598205976188183,8716428.0,95549.1796875,15.980547904968262,0.010706708766520023,0.815727949142456,0.009268606081604958,0.027703505009412766,0.0008248863741755486
20260610_151002,0.0025,0.00125,1,unbiasv2,phi4analytic,8,-4.0,6.008,0.001,0.0,2000,fp,4,21,20,20,20,2000,-6.7781662940979,0.12079811841249466,-15.885605812072754,0.015710292384028435,8822180.0,85652.890625,15.993295669555664,0.009701395407319069,0.8384460210800171,0.0068005723878741264,0.026125917211174965,0.0007181272376328707
20260610_151002,0.0025,0.00125,1,unbiasv2,phi4analytic,8,-4.0,6.008,0.0005,0.0,2000,fp,4,21,20,20,20,2000,-6.6882123947143555,0.12101542949676514,-15.857117652893066,0.01971745491027832,8830469.0,87844.671875,15.993463516235352,0.009950395673513412,0.8345353007316589,0.007095082197338343,0.0278883446007967,0.0007770530646666884
20260610_151002,0.0025,0.00125,1,unbiasv2,phi4analytic,8,-4.0,6.008,0.0005,0.0,2000,fp,1,21,20,20,20,2000,-6.76992654800415,0.1769830584526062,-15.728328704833984,0.12291384488344193,8805665.0,92986.734375,15.990272521972656,0.010014042258262634,0.8266756534576416,0.006488522049039602,0.02565312385559082,0.000716651207767427
20260610_151002,0.0025,0.00125,1,unbiasv2,phi4analytic,8,-4.0,6.008,0.0005,0.0,2000,fp,8,21,20,20,20,2000,-6.927125930786133,0.11966264992952347,-15.87653923034668,0.014396567828953266,8780589.0,90173.8359375,15.987395286560059,0.01005510427057743,0.8318490386009216,0.009977846406400204,0.026991045102477074,0.0007403798517771065
20260610_151002,0.0025,0.00125,1,unbiasv2,phi4analytic,8,-4.0,6.008,0.0005,0.0,2000,fp,2,21,20,20,20,2000,-6.692863464355469,0.11994031071662903,-15.87066650390625,0.017703214660286903,8874169.0,90364.203125,15.99830436706543,0.010214727371931076,0.8285689353942871,0.010669782757759094,0.02762872353196144,0.0007685458986088634
20260610_151002,0.0025,0.00125,1,unbiasv2,phi4analytic,8,-4.0,6.008,0.0005,0.0,2000,fp,16,21,20,20,20,2000,-6.806068420410156,0.11989347636699677,-15.883095741271973,0.012326957657933235,8763589.0,82848.0625,15.985432624816895,0.009717569686472416,0.8449981808662415,0.005899404175579548,0.025913121178746223,0.0007190058240666986
20260610_151002,0.0025,0.00125,1,unbiasv2,phi4analytic,8,-4.0,6.008,0.05,0.0,2000,fp,32,21,20,20,20,2000,-6.798054218292236,0.1300044059753418,-15.747529029846191,0.06100834906101227,8613495.0,103585.4921875,15.968652725219727,0.012042153626680374,0.7761459350585938,0.008091370575129986,0.027784105390310287,0.0007834345451556146
20260610_151002,0.0025,0.00125,1,unbiasv2,phi4analytic,8,-4.0,6.008,0.02,0.0,2000,fp,32,21,20,20,20,2000,-6.622220039367676,0.1185450553894043,-15.840749740600586,0.01932382583618164,8685908.0,93686.9921875,15.9772367477417,0.01075640320777893,0.8156030774116516,0.006770702078938484,0.026646994054317474,0.0007265963940881193
20260610_151002,0.0025,0.00125,1,unbiasv2,phi4analytic,8,-4.0,6.008,0.01,0.0,2000,fp,32,21,20,20,20,2000,-6.616472244262695,0.11782225966453552,-15.86920166015625,0.015558277256786823,8805375.0,96829.3984375,15.990583419799805,0.010606477037072182,0.8117229342460632,0.019093811511993408,0.026382653042674065,0.0007204315043054521
20260610_151002,0.0025,0.00125,1,unbiasv2,phi4analytic,8,-4.0,6.008,0.005,0.0,2000,fp,32,21,20,20,20,2000,-6.925100803375244,0.11898631602525711,-15.873616218566895,0.015460680238902569,8786243.0,88493.828125,15.988359451293945,0.0100239934399724,0.8342291116714478,0.006101458799093962,0.024834968149662018,0.0007173924241214991
20260610_151002,0.0025,0.00125,1,unbiasv2,phi4analytic,8,-4.0,6.008,0.002,0.0,2000,fp,32,21,20,20,20,2000,-6.7457756996154785,0.1169382706284523,-15.867464065551758,0.01772599294781685,8720929.0,87783.1328125,15.980772018432617,0.009944870136678219,0.8400940299034119,0.00828744750469923,0.026319287717342377,0.0007394404383376241
20260610_151002,0.0025,0.00125,1,unbiasv2,phi4analytic,8,-4.0,6.008,0.001,0.0,2000,fp,32,21,20,20,20,2000,-6.717787742614746,0.12409529834985733,-15.829695701599121,0.026979759335517883,8798331.0,88755.328125,15.989824295043945,0.01006673276424408,0.8289005756378174,0.008299834094941616,0.02740149013698101,0.000762743002269417
20260610_151002,0.0025,0.00125,1,unbiasv2,phi4analytic,8,-4.0,6.008,0.0005,0.0,2000,fp,32,21,20,20,20,2000,-6.584517002105713,0.11744367331266403,-15.879777908325195,0.012694811448454857,8716243.0,80963.921875,15.980745315551758,0.009274422191083431,0.8518072962760925,0.005582538899034262,0.026651086285710335,0.0007419093744829297
20260610_151002,0.0025,0.00125,1,unbiasv2,phi4analytic,8,-4.0,6.008,0.05,0.0,2000,hutch,32,21,20,20,20,2000,-6.81987190246582,0.11617162078619003,-15.875682830810547,0.016497990116477013,9213289.0,119684.65625,16.035436630249023,0.012892109341919422,0.7484996914863586,0.011699780821800232,0.025273121893405914,0.0007391369435936213
20260610_151002,0.0025,0.00125,1,unbiasv2,phi4analytic,8,-4.0,6.008,0.02,0.0,2000,hutch,32,21,20,20,20,2000,-6.581693172454834,0.11743248999118805,-15.859304428100586,0.014438861049711704,8824429.0,103150.734375,15.992609977722168,0.011159189976751804,0.7953459620475769,0.00969478115439415,0.026277879253029823,0.0007204406429082155
20260610_151002,0.0025,0.00125,1,unbiasv2,phi4analytic,8,-4.0,6.008,0.05,0.0,2000,hutch,64,21,20,20,20,2000,-6.912088394165039,0.11669249832630157,-15.846137046813965,0.023074446246027946,8838835.0,94481.28125,15.994505882263184,0.010973467491567135,0.8103756308555603,0.007590807043015957,0.025026502087712288,0.0006850826321169734
20260610_151002,0.0025,0.00125,1,unbiasv2,phi4analytic,8,-4.0,6.008,0.01,0.0,2000,hutch,32,21,20,20,20,2000,-6.632022857666016,0.12501539289951324,-15.852477073669434,0.02833576872944832,8874844.0,91751.5390625,15.998560905456543,0.010123330168426037,0.8247637152671814,0.007295401766896248,0.026244010776281357,0.0007207956514321268
20260610_151002,0.0025,0.00125,1,unbiasv2,phi4analytic,8,-4.0,6.008,0.02,0.0,2000,hutch,64,21,20,20,20,2000,-6.616885662078857,0.11890985071659088,-15.871532440185547,0.018249033018946648,8848069.0,91090.78125,15.996009826660156,0.010171846486628056,0.8259421586990356,0.0075567360036075115,0.027065938338637352,0.0007452639401890337
20260610_151002,0.0025,0.00125,1,unbiasv2,phi4analytic,8,-4.0,6.008,0.005,0.0,2000,hutch,32,21,20,20,20,2000,-6.741238594055176,0.11710181832313538,-15.862151145935059,0.015510251745581627,8725361.0,86318.7109375,15.98188591003418,0.010351711884140968,0.8334695100784302,0.00725494883954525,0.02670704387128353,0.0007482526125386357
20260610_151002,0.0025,0.00125,1,unbiasv2,phi4analytic,8,-4.0,6.008,0.01,0.0,2000,hutch,64,21,20,20,20,2000,-6.810698986053467,0.11659811437129974,-15.881650924682617,0.018772803246974945,8930191.0,91525.1484375,16.004850387573242,0.009958222508430481,0.8298751711845398,0.007571164518594742,0.025929590687155724,0.0006831097998656332
20260610_151002,0.0025,0.00125,1,unbiasv2,phi4analytic,8,-4.0,6.008,0.005,0.0,2000,hutch,64,21,20,20,20,2000,-6.69937801361084,0.12119106948375702,-15.884237289428711,0.012584620155394077,8767452.0,80747.375,15.986144065856934,0.009424329735338688,0.8486517071723938,0.005565961357206106,0.025753576308488846,0.0007382605690509081
20260610_151002,0.0025,0.00125,1,unbiasv2,phi4analytic,8,-4.0,6.008,0.002,0.0,2000,hutch,32,21,20,20,20,2000,-6.872706890106201,0.1260680854320526,-15.83152961730957,0.03882972523570061,8816331.0,82915.03125,15.992072105407715,0.009642282500863075,0.8449394702911377,0.00625795079395175,0.025788582861423492,0.0007357120048254728
20260610_151002,0.0025,0.00125,1,unbiasv2,phi4analytic,8,-4.0,6.008,0.002,0.0,2000,hutch,64,21,20,20,20,2000,-6.689859867095947,0.11939687281847,-15.842948913574219,0.016412170603871346,8649202.0,84957.875,15.972694396972656,0.00970464013516903,0.8386333584785461,0.00691017834469676,0.02610628679394722,0.0007169033633545041
20260610_151002,0.0025,0.00125,1,unbiasv2,phi4analytic,8,-4.0,6.008,0.001,0.0,2000,hutch,32,21,20,20,20,2000,-6.699440956115723,0.12551522254943848,-15.820992469787598,0.05388449504971504,8704109.0,85880.9765625,15.979223251342773,0.009607693180441856,0.8435682654380798,0.0062615834176540375,0.026615630835294724,0.0007351806270889938
20260610_151002,0.0025,0.00125,1,unbiasv2,phi4analytic,8,-4.0,6.008,0.05,0.0,2000,hutch,8,21,20,20,20,2000,-6.627442836761475,0.126007080078125,-15.863213539123535,0.02926543727517128,10920012.0,208316.25,16.205612182617188,0.018698684871196747,0.5933552980422974,0.012255838140845299,0.027491135522723198,0.000795211351942271
20260610_151002,0.0025,0.00125,1,unbiasv2,phi4analytic,8,-4.0,6.008,0.02,0.0,2000,hutch,8,21,20,20,20,2000,-6.801727771759033,0.11769510805606842,-15.886151313781738,0.016639377921819687,9577282.0,140721.96875,16.075056076049805,0.01447028573602438,0.7063103318214417,0.019330618903040886,0.026218995451927185,0.0007271433132700622
20260610_151002,0.0025,0.00125,1,unbiasv2,phi4analytic,8,-4.0,6.008,0.05,0.0,2000,hutch,16,21,20,20,20,2000,-6.676211357116699,0.12780490517616272,-15.842761039733887,0.033160559833049774,9777086.0,150037.453125,16.094013214111328,0.015504701063036919,0.6828933358192444,0.016134779900312424,0.02674395963549614,0.0007501963409595191
20260610_151002,0.0025,0.00125,1,unbiasv2,phi4analytic,8,-4.0,6.008,0.02,0.0,2000,hutch,16,21,20,20,20,2000,-6.6310906410217285,0.1237354651093483,-15.847136497497559,0.01925254613161087,9079522.0,115949.5,16.021509170532227,0.01274363324046135,0.7656888961791992,0.01106402650475502,0.026801785454154015,0.0007345289341174066
20260610_151002,0.0025,0.00125,1,unbiasv2,phi4analytic,8,-4.0,6.008,0.01,0.0,2000,hutch,16,21,20,20,20,2000,-6.915661811828613,0.11573924124240875,-15.876675605773926,0.014125142246484756,8950486.0,99823.2578125,16.007448196411133,0.011209959164261818,0.7940664291381836,0.010944959707558155,0.02530822344124317,0.0006983395433053374
20260610_151002,0.0025,0.00125,1,unbiasv2,phi4analytic,8,-4.0,6.008,0.01,0.0,2000,hutch,8,21,20,20,20,2000,-6.746595859527588,0.1254265457391739,-15.850635528564453,0.02945282682776451,9111950.0,106628.9296875,16.024629592895508,0.01153965387493372,0.7845593690872192,0.01029900275170803,0.026721065863966942,0.0007831846596673131
20260610_151002,0.0025,0.00125,1,unbiasv2,phi4analytic,8,-4.0,6.008,0.005,0.0,2000,hutch,8,21,20,20,20,2000,-6.737466335296631,0.1200852245092392,-15.880033493041992,0.014130985364317894,8934333.0,100229.7890625,16.005348205566406,0.011248834431171417,0.8050188422203064,0.009404248557984829,0.026279691606760025,0.000733430206310004
20260610_151002,0.0025,0.00125,1,unbiasv2,phi4analytic,8,-4.0,6.008,0.002,0.0,2000,hutch,16,21,20,20,20,2000,-6.9125494956970215,0.11664895713329315,-15.88459300994873,0.015054614283144474,8898043.0,96336.8828125,16.00102424621582,0.010980740189552307,0.8130181431770325,0.021847102791070938,0.024917682632803917,0.0007020384073257446
20260610_151002,0.0025,0.00125,1,unbiasv2,phi4analytic,8,-4.0,6.008,0.001,0.0,2000,hutch,64,21,20,20,20,2000,-6.749891757965088,0.11540558934211731,-15.8756685256958,0.011880247853696346,8633276.0,80508.1640625,15.97064208984375,0.009391586296260357,0.8514062762260437,0.005299375392496586,0.0255314651876688,0.0007143538095988333
20260610_151002,0.0025,0.00125,1,unbiasv2,phi4analytic,8,-4.0,6.008,0.0005,0.0,2000,hutch,32,21,20,20,20,2000,-6.653594017028809,0.11249253898859024,-15.871328353881836,0.01667919009923935,8724663.0,81330.125,15.981764793395996,0.009242451749742031,0.8499869704246521,0.006622747052460909,0.025890618562698364,0.0007345082703977823
20260610_151002,0.0025,0.00125,1,unbiasv2,phi4analytic,8,-4.0,6.008,0.001,0.0,2000,hutch,16,21,20,20,20,2000,-6.695026874542236,0.12448369711637497,-15.820984840393066,0.041913390159606934,8795456.0,85372.1796875,15.989534378051758,0.010035287588834763,0.8372002840042114,0.00699295150116086,0.026053955778479576,0.000740552379284054
20260610_151002,0.0025,0.00125,1,unbiasv2,phi4analytic,8,-4.0,6.008,0.0005,0.0,2000,hutch,16,21,20,20,20,2000,-6.977942943572998,0.125338613986969,-15.829695701599121,0.02657640166580677,8731650.0,85164.8125,15.981943130493164,0.009934588335454464,0.8409397602081299,0.007436284329742193,0.025948625057935715,0.0007185255526565015
20260610_151002,0.0025,0.00125,1,unbiasv2,phi4analytic,8,-4.0,6.008,0.01,0.0,2000,hutch,4,21,20,20,20,2000,-6.62433385848999,0.11754420399665833,-15.881555557250977,0.01548902690410614,9563638.0,144950.375,16.073137283325195,0.01430077850818634,0.7017242908477783,0.01304448302835226,0.026780016720294952,0.0007356988498941064
20260610_151002,0.0025,0.00125,1,unbiasv2,phi4analytic,8,-4.0,6.008,0.02,0.0,2000,hutch,4,21,20,20,20,2000,-6.854709148406982,0.1242503821849823,-15.867069244384766,0.024647755548357964,10411899.0,194117.109375,16.15789794921875,0.018660690635442734,0.5940166711807251,0.019267991185188293,0.02550175040960312,0.0007273818482644856
20260610_151002,0.0025,0.00125,1,unbiasv2,phi4analytic,8,-4.0,6.008,0.005,0.0,2000,hutch,4,21,20,20,20,2000,-6.608224868774414,0.11786936968564987,-15.871003150939941,0.017872286960482597,9098017.0,112805.5703125,16.023052215576172,0.012180005200207233,0.7693904042243958,0.009989938698709011,0.02665468491613865,0.0007208764436654747
20260610_151002,0.0025,0.00125,1,unbiasv2,phi4analytic,8,-4.0,6.008,0.05,0.0,2000,hutch,2,21,20,20,20,2000,-6.517251968383789,0.1194864809513092,-15.866994857788086,0.031415656208992004,18146182.0,718298.6875,16.712785720825195,0.04013020917773247,0.243279829621315,0.02945171296596527,0.02729290910065174,0.00075037672650069
20260610_151002,0.0025,0.00125,1,unbiasv2,phi4analytic,8,-4.0,6.008,0.05,0.0,2000,hutch,4,21,20,20,20,2000,-6.894332408905029,0.12077353149652481,-15.845794677734375,0.025421705096960068,12863997.0,401582.8125,16.3698787689209,0.030808674171566963,0.3478544354438782,0.024375518783926964,0.025250375270843506,0.0007096377667039633
20260610_151002,0.0025,0.00125,1,unbiasv2,phi4analytic,8,-4.0,6.008,0.002,0.0,2000,hutch,4,21,20,20,20,2000,-6.5854268074035645,0.11961566656827927,-15.885309219360352,0.01736362650990486,8948431.0,92440.1953125,16.00630760192871,0.010472175665199757,0.8156877756118774,0.008088702335953712,0.027263065800070763,0.0007748718489892781
20260610_151002,0.0025,0.00125,1,unbiasv2,phi4analytic,8,-4.0,6.008,0.002,0.0,2000,hutch,8,21,20,20,20,2000,-6.718667507171631,0.11756768822669983,-15.869317054748535,0.013305002823472023,8769919.0,92186.0,15.9865083694458,0.010556326247751713,0.8203816413879395,0.007875288836658001,0.02602248638868332,0.0007138536311686039
20260610_151002,0.0025,0.00125,1,unbiasv2,phi4analytic,8,-4.0,6.008,0.001,0.0,2000,hutch,4,21,20,20,20,2000,-6.643261432647705,0.1129426434636116,-15.892937660217285,0.013386225327849388,8892198.0,88932.71875,16.001014709472656,0.01022915355861187,0.8294171094894409,0.007729759439826012,0.025463715195655823,0.0007300641154870391
20260610_151002,0.0025,0.00125,1,unbiasv2,phi4analytic,8,-4.0,6.008,0.001,0.0,2000,hutch,8,21,20,20,20,2000,-6.958166122436523,0.115441232919693,-15.860438346862793,0.017385683953762054,8723141.0,85884.453125,15.981973648071289,0.010022836737334728,0.8412946462631226,0.005961311049759388,0.024704517796635628,0.000710788182914257
20260610_151002,0.0025,0.00125,1,unbiasv2,phi4analytic,8,-4.0,6.008,0.0005,0.0,2000,hutch,64,21,20,20,20,2000,-6.6865692138671875,0.12835469841957092,-15.846839904785156,0.041601937264204025,8825208.0,84785.4296875,15.993145942687988,0.009870956651866436,0.8421680927276611,0.007079938426613808,0.02855609729886055,0.0007716090767644346
20260610_151002,0.0025,0.00125,1,unbiasv2,phi4analytic,8,-4.0,6.008,0.0005,0.0,2000,hutch,4,21,20,20,20,2000,-6.763793468475342,0.11662763357162476,-15.871188163757324,0.015490689314901829,8785976.0,84914.1171875,15.988306999206543,0.010125995613634586,0.8377593159675598,0.005709234159439802,0.0267789289355278,0.0007546094711869955
20260610_151002,0.0025,0.00125,1,unbiasv2,phi4analytic,8,-4.0,6.008,0.0005,0.0,2000,hutch,8,21,20,20,20,2000,-6.918112754821777,0.25814080238342285,-15.617047309875488,0.21674837172031403,8745456.0,84656.8828125,15.984222412109375,0.009524867869913578,0.849139928817749,0.005478579085320234,0.027384789660573006,0.0007567653665319085
20260610_151002,0.0025,0.00125,1,unbiasv2,phi4analytic,8,-4.0,6.008,0.01,0.0,2000,hutch,2,21,20,20,20,2000,-6.669476509094238,0.11997339874505997,-15.868301391601562,0.02111249417066574,10296165.0,180361.46875,16.147214889526367,0.01788266748189926,0.620681643486023,0.012017381377518177,0.026378776878118515,0.0007593002519570291
20260610_151002,0.0025,0.00125,1,unbiasv2,phi4analytic,8,-4.0,6.008,0.02,0.0,2000,hutch,2,21,20,20,20,2000,-6.57980489730835,0.1205553412437439,-15.865832328796387,0.027170058339834213,12113732.0,276891.6875,16.31003761291504,0.022605281323194504,0.49346837401390076,0.019597390666604042,0.027428440749645233,0.0007609784952364862
20260610_151002,0.0025,0.00125,1,unbiasv2,phi4analytic,8,-4.0,6.008,0.01,0.0,2000,hutch,1,21,20,20,20,2000,-6.841709613800049,0.11975345760583878,-15.852724075317383,0.022922154515981674,11512363.0,272156.15625,16.259428024291992,0.022957932204008102,0.4895026385784149,0.01597023196518421,0.026223359629511833,0.0007526965346187353
20260610_151002,0.0025,0.00125,1,unbiasv2,phi4analytic,8,-4.0,6.008,0.02,0.0,2000,hutch,1,21,20,20,20,2000,-6.76102352142334,0.1299537569284439,-15.805370330810547,0.061008911579847336,15669723.0,607512.6875,16.564510345458984,0.0375099740922451,0.2691343128681183,0.04078202694654465,0.026711033657193184,0.0007496941834688187
20260610_151002,0.0025,0.00125,1,unbiasv2,phi4analytic,8,-4.0,6.008,0.005,0.0,2000,hutch,2,21,20,20,20,2000,-6.61152458190918,0.11469122767448425,-15.902243614196777,0.017224881798028946,9607564.0,126330.6171875,16.07806968688965,0.013018321245908737,0.7428436875343323,0.008525343611836433,0.026698539033532143,0.0007724232273176312
20260610_151002,0.0025,0.00125,1,unbiasv2,phi4analytic,8,-4.0,6.008,0.005,0.0,2000,hutch,1,21,20,20,20,2000,-6.910764694213867,0.12022712826728821,-15.852510452270508,0.024122245609760284,10191444.0,178585.546875,16.136844635009766,0.017730843275785446,0.611295223236084,0.012291603721678257,0.02569585107266903,0.0006880549481138587
20260610_151002,0.0025,0.00125,1,unbiasv2,phi4analytic,8,-4.0,6.008,0.05,0.0,2000,hutch,1,21,20,20,20,2000,-6.829659461975098,0.11982335895299911,-15.874829292297363,0.041884712874889374,37234420.0,2347286.5,17.431257247924805,0.06250499188899994,0.11767463386058807,0.010656410828232765,0.02613520249724388,0.0007409757818095386
20260610_151002,0.0025,0.00125,1,unbiasv2,phi4analytic,8,-4.0,6.008,0.002,0.0,2000,hutch,2,21,20,20,20,2000,-6.817901611328125,0.1160130500793457,-15.855278968811035,0.027818772941827774,9071384.0,103574.0078125,16.021059036254883,0.01165005099028349,0.7851290702819824,0.009298572316765785,0.024891579523682594,0.0006867788033559918
20260610_151002,0.0025,0.00125,1,unbiasv2,phi4analytic,8,-4.0,6.008,0.001,0.0,2000,hutch,2,21,20,20,20,2000,-6.9857025146484375,0.11950083822011948,-15.86954402923584,0.012993191368877888,8809313.0,92928.296875,15.991143226623535,0.010524114593863487,0.8133904337882996,0.008175728842616081,0.02536322921514511,0.000717761053238064
20260610_151002,0.0025,0.00125,1,unbiasv2,phi4analytic,8,-4.0,6.008,0.0005,0.0,2000,hutch,2,21,20,20,20,2000,-6.653201580047607,0.11561960726976395,-15.86864948272705,0.014555225148797035,8707400.0,86695.2734375,15.97958755493164,0.009759695269167423,0.8343645334243774,0.0077381134033203125,0.02624407783150673,0.0007870770641602576
20260610_151002,0.0025,0.00125,1,unbiasv2,phi4analytic,8,-4.0,6.008,0.005,0.0025,2000,unbiasv2,1,21,20,20,20,2000,-6.8116888999938965,0.1092849150300026,-15.253247261047363,0.026014983654022217,8046989.0,292826.40625,15.901001930236816,0.0363280214369297,0.27988624572753906,0.03141757473349571,0.02531597577035427,0.0006722953985445201
20260610_151002,0.0025,0.00125,1,unbiasv2,phi4analytic,8,-4.0,6.008,0.002,0.001,2000,unbiasv2,1,21,20,20,20,2000,-6.791231155395508,0.13319668173789978,-15.590910911560059,0.05645139142870903,8964789.0,191543.921875,16.00941276550293,0.02099447511136532,0.5279684066772461,0.013360326178371906,0.027257902547717094,0.0007643126882612705
20260610_151002,0.0025,0.00125,1,unbiasv2,phi4analytic,8,-4.0,6.008,0.01,0.005,2000,unbiasv2,1,21,20,20,20,2000,-6.855938911437988,0.12396708130836487,-14.712969779968262,0.03963463008403778,10320495.0,1525599.75,16.136653900146484,0.14523153007030487,0.05948762595653534,0.055331069976091385,0.026370912790298462,0.0007287796470336616
20260610_151002,0.0025,0.00125,1,unbiasv2,phi4analytic,8,-4.0,6.008,0.05,0.025,2000,unbiasv2,1,21,20,20,20,2000,-7.13691520690918,0.12365835160017014,-9.279214859008789,0.09220276772975922,12692153.0,8474421.0,16.089807510375977,0.7741588354110718,0.003930922597646713,0.0036184254568070173,0.02834896929562092,0.0008069194154813886
20260610_151002,0.0025,0.00125,1,unbiasv2,phi4analytic,8,-4.0,6.008,0.02,0.01,2000,unbiasv2,1,21,20,20,20,2000,-6.9830403327941895,0.12672503292560577,-13.440898895263672,0.05784373730421066,8039849.5,929459.125,15.897082328796387,0.11757541447877884,0.03719225153326988,0.005620155017822981,0.02701876126229763,0.0007318134885281324
20260610_151002,0.0025,0.00125,1,unbiasv2,phi4analytic,8,-4.0,6.008,0.001,0.0005,2000,unbiasv2,1,21,20,20,20,2000,-6.646899700164795,0.1207883208990097,-15.760603904724121,0.015426983125507832,8616047.0,136584.375,15.9689359664917,0.014964460395276546,0.6789292097091675,0.012540516443550587,0.026952767744660378,0.0007846374646760523
20260610_151002,0.0025,0.00125,1,unbiasv2,phi4analytic,8,-4.0,6.008,0.0005,0.00025,2000,unbiasv2,1,21,20,20,20,2000,-6.688980579376221,0.12547342479228973,-15.81469440460205,0.017428763210773468,8793553.0,113174.640625,15.989883422851562,0.012568642385303974,0.7499940395355225,0.010032891295850277,0.026926228776574135,0.0007086408440954983
20260610_151002,0.0025,0.00125,1,unbiasv2,phi4analytic,8,-4.0,6.008,0.001,0.0,2000,hutch,1,21,20,20,20,2000,-6.785899639129639,0.1171310544013977,-15.893611907958984,0.014395011588931084,9128051.0,106137.453125,16.02692222595215,0.01138580683618784,0.7951750755310059,0.0080734733492136,0.0257333442568779,0.0007375721470452845
20260610_151002,0.0025,0.00125,1,unbiasv2,phi4analytic,8,-4.0,6.008,0.002,0.0,2000,hutch,1,21,20,20,20,2000,-6.7261128425598145,0.12123832106590271,-15.868170738220215,0.020340511575341225,9378542.0,124112.078125,16.05344581604004,0.013359369710087776,0.7365702390670776,0.00936966948211193,0.026980355381965637,0.0007552157039754093
20260610_151002,0.0025,0.00125,1,unbiasv2,phi4analytic,8,-4.0,6.008,0.0005,0.0,2000,hutch,1,21,20,20,20,2000,-6.7005534172058105,0.15183494985103607,-15.769737243652344,0.09474331140518188,8755274.0,90602.515625,15.985268592834473,0.010040887631475925,0.83098304271698,0.006406637839972973,0.026829909533262253,0.0007552182651124895
